slug,role,team_name_short,presenze_pred,presenze_pred,starts_pred,titolare_pred,fmv_pred,mv_pred,gf_pred,assist_pred,clean_sheet_pred
tete-morente,C,Lecce,29.0,29.0,25.0,1,6.178086390329428,5.873913124685742,3.5880607782021885,3.5439811976314126,0.0
lucas-da-cunha,C,Como,27.0,27.0,19.0,1,6.569853536051739,6.156273158729276,4.208481026752588,4.383340196871573,0.0
cesar-falletti,A,Bari,26.0,26.0,21.0,1,6.232107971402938,5.964069994547949,1.5410190311110596,4.665653166901503,0.0
valentino-lazaro,D,Torino,26.0,26.0,19.0,1,6.353652036835724,5.970497879513131,0.03818475985172144,8.280612189354189,0.0
nico-paz,C,Como,27.0,27.0,17.0,0,7.090071384737406,6.356794596690187,5.311392448930812,9.215725089141925,0.0
weston-mckennie,C,Juventus,31.0,31.0,28.0,1,6.29112394253682,6.001966940460813,2.4289633022210277,5.352750695782132,0.0
antonin-barak,C,Kasımpaşa,24.0,24.0,18.0,0,6.294469198262091,5.776435555794212,5.2097375729464055,3.315514072735761,0.0
manuel-lazzari,D,Lazio,24.0,24.0,18.0,0,5.933447879431905,5.818134494210205,0.017608713056586886,2.296596135805041,0.0
francesco-pio-esposito,A,Spezia,30.0,30.0,26.0,1,7.835122509733715,6.0122625390187014,15.56734667380651,2.782964723442203,0.0
nicolo-bertola,D,Spezia,19.0,19.0,15.0,0,6.355893285540402,5.965446012780347,4.146415002073218,1.3782885972504046,0.0
lorenzo-colombo,A,Empoli,28.0,28.0,16.0,0,6.59498718214773,5.890908750096677,7.717351211411093,2.4049382920035853,0.0
francesco-folino,D,Cremonese,26.0,26.0,19.0,1,6.061401590573726,5.841371244605427,3.895520905904695,0.42667365594123474,0.0
walid-cheddira,A,Napoli,27.0,27.0,20.0,1,6.647282097963878,6.0132035815131415,6.739707533647532,3.2250953293005002,0.0
frank-tsadjout,A,Frosinone,20.0,20.0,12.0,0,6.056711276454101,5.921472638255223,0.8287181150191782,1.7185198237932224,0.0
oumar-solet,D,Udinese,20.0,20.0,20.0,1,6.183218051667899,6.0804956646765325,1.0214532854219358,1.026757184539607,0.0
jacopo-fazzini,C,Empoli,19.0,19.0,11.0,0,6.616828936104798,5.991473612937705,5.07727480173379,3.160096598439155,0.0
mattia-bani,D,Genoa,25.0,25.0,25.0,1,5.86464546224766,5.835648176800049,0.3260764514866332,0.4134533658570478,0.0
mattia-aramu,A,Mantova,21.0,21.0,13.0,0,6.446402752981411,6.034809909868073,2.91372904956713,4.439435230848396,0.0
andrea-pinamonti,A,Genoa,34.0,34.0,29.0,1,7.027301631009902,5.936261026893573,11.799155363648055,2.242075423531408,0.0
ivan-smolcic,D,Como,23.0,23.0,21.0,1,5.97445191630844,5.893416472319287,0.667494612890726,1.1353757063028076,0.0
pontus-almqvist,A,Parma,24.0,24.0,15.0,0,6.052327924765178,5.852550506125961,2.0235953490893612,2.3558121681732396,0.0
daniel-mosquera,A,Hellas Verona,30.0,30.0,12.0,0,6.868567813972531,6.008753983963626,9.189050695575132,2.490864368011032,0.0
kevin-lasagna,A,Bari,27.0,27.0,16.0,0,6.6509166934553985,5.759882302289776,9.050835507929063,1.5318508415351102,0.0
fabiano-parisi,D,Fiorentina,23.0,23.0,20.0,1,5.998754233876735,5.898578543135903,1.4207511073567196,0.8909644662590968,0.0
antonio-sanabria,A,Torino,25.0,25.0,22.0,1,6.3688043816007935,5.887380799003847,5.498115353282152,2.2991984233996923,0.0
marco-sala,D,Lecce,18.0,18.0,12.0,0,5.845893418916256,5.789710033786265,0.48806812998762167,0.5479579104273331,0.0
stefano-sabelli,D,Genoa,33.0,33.0,29.0,1,5.903768694839568,5.815665467491163,0.059304914260724616,2.3899872888569558,0.0
anass-salah-eddine,D,Roma,15.0,15.0,10.0,0,5.951864508509106,5.639569480688263,1.357705587107852,2.931992592068031,0.0
mathis-lambourde,A,Hellas Verona,5.0,5.0,1.0,0,7.2187656122279185,6.077726236573381,3.9396961012468505,0.33394024028951563,0.0
albert-grnbk,C,Rennes,20.0,20.0,15.0,0,6.418041193439527,6.084037668723717,3.037555442579679,2.6245141064098565,0.0
warren-bondo,C,Milan,26.0,26.0,9.0,0,5.916934330574284,5.854888136618369,0.4356611024776047,1.0839378493972989,0.0
boris-radunovic,P,Bari,31.0,31.0,31.0,1,4.596715257453485,6.0983702709605305,0.0001560007718291775,0.0008645587110758281,8.865405636981906
kristjan-asllani,C,Inter,15.0,15.0,8.0,0,6.3832631265851365,5.925000450781119,2.507516559934047,3.5121002079881145,0.0
martin-erlic,D,Bologna,16.0,16.0,15.0,0,5.759683897240072,5.725202225758526,0.29124277648431324,0.2906568594121737,0.0
tommaso-baldanzi,C,Roma,20.0,20.0,10.0,0,6.3393101953202855,6.084132616686827,2.973632999936522,1.403743230616316,0.0
alberto-cerri,A,Salernitana,23.0,23.0,20.0,1,5.968282488349346,5.707423710968294,3.671275207230587,1.0520983034492386,0.0
alberto-moreno,D,Como,20.0,20.0,16.0,0,5.834289925817523,5.779122557724222,0.029940809946721124,0.9029697156206414,0.0
josep-martinez,P,Inter,29.0,29.0,28.0,1,4.937700091464159,6.100036075976251,0.00014593620519347348,0.0036057590970969373,8.850671184306323
fisayo-dele-bashiru,C,Lazio,29.0,29.0,24.0,1,6.582194009049838,6.0650622200979125,6.2258593288248045,2.894976024873932,0.0
alessandro-circati,D,Parma,28.0,28.0,27.0,1,5.837548604840912,5.809010412616121,0.997229916897507,0.0,0.0
isak-hien,D,Atalanta,28.0,28.0,25.0,1,5.9604702518519845,5.945439147205931,0.041382816490464464,0.3278857352358983,0.0
vakoun-issouf-bayo,A,Watford,34.0,34.0,22.0,1,7.319663854785501,5.90445699182018,14.159269819654797,2.508290672927391,0.0
lorenzo-amatucci,C,Salernitana,26.0,26.0,26.0,1,5.867966175960313,5.625431926815156,2.922731561017106,2.4786628894104363,0.0
daniele-rugani,D,Ajax,12.0,12.0,7.0,0,6.002080981881576,5.983089259766512,0.05525839284713004,0.15933253485789134,0.0
patrizio-masini,C,Genoa,18.0,18.0,17.0,0,6.1391371612243475,6.036891326246342,1.195088838495301,0.7045700070458079,0.0
bryan-cristante,C,Roma,33.0,33.0,30.0,1,6.126816584818502,5.901124480957774,3.715305725439702,2.1832348904072507,0.0
konan-ndri,D,Lecce,29.0,29.0,17.0,0,6.177958884921484,5.896844186210466,3.3600609327464412,3.3588531541346875,0.0
neil-el-aynaoui,C,Lens,23.0,23.0,15.0,0,6.974556618867549,5.979699881457527,8.727459260176726,1.6789361742861952,0.0
alessandro-gabrielloni,A,Como,22.0,22.0,14.0,0,7.153611991729651,5.978467512640323,9.14315033350436,2.7023088763468444,0.0
federico-gatti,D,Juventus,26.0,26.0,24.0,1,6.051157408207314,5.995180965694131,1.200721725457441,0.3788953300948791,0.0
christian-fruchtl,P,Lecce,23.0,23.0,23.0,1,4.992845921668326,6.185228843301481,0.00011574250761539036,0.000602317446219429,7.106066190840339
tiago-gabriel,D,Lecce,10.0,10.0,9.0,0,6.227789086492916,6.172413339701535,0.5337298713905593,0.13614288978959865,0.0
francesco-camarda,A,Milan,4.0,4.0,1.0,0,6.006231072813551,5.902487227894394,0.25794581051381993,0.19704948592288246,0.0
hassane-kamara,D,Udinese,27.0,27.0,25.0,1,6.041124399625266,5.866431081121387,1.1466225573768667,3.1424921348324957,0.0
ali-jasim,A,Almere City,12.0,12.0,4.0,0,6.383522549022864,6.023579695549648,2.4881910037267128,1.4078127088085024,0.0
giacomo-quagliata,D,Catanzaro,19.0,19.0,12.0,0,6.487240800269784,5.769924735551306,2.786899508357481,8.771328155082854,0.0
christian-pulisic,C,Milan,27.0,27.0,18.0,0,8.226905016628635,6.193471135303603,13.477421555751691,10.72240836065852,0.0
roberto-piccoli,A,Cagliari,28.0,28.0,19.0,1,6.916419834100529,5.968651120274636,8.998485789993985,3.7820905654996424,0.0
pablo-rodriguez,A,Lech Poznań,17.0,17.0,10.0,0,6.221250923853912,5.882058024621132,1.9478770175354867,3.2485645290659693,0.0
pablo-rodriguez,A,Racing Sant,29.0,29.0,19.0,1,6.975875149103629,5.906373927910012,9.658018792944157,5.161089943310568,0.0
giorgio-scalvini,D,Atalanta,26.0,26.0,24.0,1,5.94154945788938,5.890182583030068,1.510652033570045,0.0,0.0
marco-palestra,D,Atalanta,2.0,2.0,1.0,0,6.0,6.0,0.07636842618817011,0.04598504342842583,0.0
odilon-kossounou,D,Atalanta,16.0,16.0,13.0,0,5.919577640621297,5.908507975912938,0.10032429489327638,0.09155554836249047,0.0
rafael-leao,A,Milan,33.0,33.0,28.0,1,7.582912795548805,6.289865012569286,10.481139732034585,11.849169019544954,0.0
dennis-man,C,Parma,30.0,30.0,22.0,1,6.722083642584653,6.0638215493275744,6.370682378996281,6.458064175080182,0.0
tomas-esteves,D,Pisa,25.0,25.0,17.0,0,6.217436090000777,5.920654762608538,1.9859747961132712,4.584715615757819,0.0
sebastian-walukiewicz,D,Torino,21.0,21.0,14.0,0,5.880295197485731,5.849464067287747,0.021703862530784716,0.5276139797356788,0.0
lazar-samardzic,C,Atalanta,25.0,25.0,16.0,0,6.457279964534141,6.1376151318088406,2.9685681406441775,3.817771266995051,0.0
fabrizio-caligara,C,Sassuolo,21.0,21.0,17.0,0,5.875820023357602,5.74950846808081,0.9390304829219714,1.5904871100866902,0.0
giovanni-di-lorenzo,D,Napoli,37.0,37.0,37.0,1,6.325561242427548,6.120924578176825,2.6671668744437937,3.8854388526569115,0.0
ibrahim-sulemana,C,Atalanta,10.0,10.0,6.0,0,6.187002552902467,5.88617055148437,2.368514948603103,0.46454651378248324,0.0
stefan-mitrovic,A,OH Leuven,21.0,21.0,14.0,0,6.135488642981589,5.900955740222753,2.688021913586646,1.6522910947383063,0.0
nicolas-gonzalez,A,Juventus,21.0,21.0,18.0,0,6.466453552833035,6.128532965343599,3.29262723832746,2.5850976838758535,0.0
petar-sucic,C,Dinamo Zagreb,24.0,24.0,16.0,0,6.561346046951144,5.886656233308407,6.202052074582623,3.9558048295138106,0.0
boulaye-dia,A,Lazio,31.0,31.0,24.0,1,7.367211516413896,6.063732989857268,11.38478062324533,6.571489789516552,0.0
andrea-cambiaso,D,Juventus,29.0,29.0,24.0,1,6.280630040197534,6.007340521136279,1.9370332272808528,5.059571134471529,0.0
strahinja-pavlovic,D,Milan,24.0,24.0,22.0,1,6.1231320889651535,5.996845138059723,2.0271670504419497,0.882037840295586,0.0
yacine-adli,C,Fiorentina,18.0,18.0,8.0,0,7.376387081660425,6.073288138003498,6.754029261069335,8.463369971268211,0.0
ivan-provedel,P,Lazio,32.0,32.0,32.0,1,4.914904899579965,6.153357752407331,0.00021254161196521275,0.002204016643425934,10.906857587902563
brenner,A,Udinese,5.0,5.0,2.0,0,6.479882486181425,5.944033816569447,1.5019763998609423,1.1279551000624242,0.0
giuseppe-ambrosino,A,Frosinone,27.0,27.0,15.0,0,6.939844793735786,6.091482867757338,7.963164523955269,4.269662837695409,0.0
gabriele-artistico,A,Juve Stabia,24.0,24.0,7.0,0,7.091267773339551,5.954760381631495,9.30233149930456,3.3230617383894434,0.0
marten-de-roon,C,Atalanta,32.0,32.0,30.0,1,6.227971495220495,5.936489306807777,2.9648886890138026,4.936245531880633,0.0
marin-pongracic,D,Fiorentina,18.0,18.0,14.0,0,5.897340756340998,5.88335644448829,0.023897933458784777,0.19662189304341365,0.0
davide-frattesi,C,Inter,24.0,24.0,17.0,0,6.715007985135095,6.123753974879649,6.2446270237943295,2.1718030608185575,0.0
amir-richardson,C,Fiorentina,22.0,22.0,16.0,0,5.953019641984244,5.789782626504075,1.6087590133843395,1.7853834221498106,0.0
cyril-ngonge,A,Napoli,19.0,19.0,9.0,0,7.284802380957623,5.964887915188356,8.770048496765629,3.3622620908247214,0.0
florian-thauvin,A,Udinese,21.0,21.0,16.0,0,7.2378539983687435,5.978926311145064,8.32207368956602,6.0232259625935765,0.0
ignace-van-der-brempt,D,RB Salzburg,18.0,18.0,12.0,0,6.01011995412358,5.905280273073659,0.02925417328166082,1.5564891392690692,0.0
alexis-sanchez,A,Udinese,25.0,25.0,20.0,1,6.229355115485723,5.798537455184466,4.908376963350785,2.6112565445026177,0.0
armand-lauriente,A,Sassuolo,33.0,33.0,29.0,1,8.129147352691723,6.035288764581079,17.540226348444115,7.7439204145957365,0.0
robin-gosens,D,Fiorentina,29.0,29.0,20.0,1,6.695164428517079,6.01489121357785,6.2310740612112365,6.823430066557026,0.0
kacper-urbanski,C,Monza,13.0,13.0,4.0,0,5.996090816846859,5.909713192564597,0.6820936333345494,0.5075815926766901,0.0
matteo-tramoni,A,Pisa,25.0,25.0,15.0,0,8.009571862287354,5.769091243739177,14.687373626582342,7.122448926255616,0.0
charles-de-ketelaere,A,Atalanta,29.0,29.0,17.0,0,7.704271381605368,6.129464918241624,11.050067593446983,12.21859651830242,0.0
tijjani-noslin,A,Lazio,23.0,23.0,15.0,0,6.5362534746690235,6.0770948711995025,4.663326388749823,2.9635465898613944,0.0
elseid-hysaj,D,Lazio,22.0,22.0,18.0,0,5.869635736231437,5.797946628417186,0.9839020075823233,0.659009009009009,0.0
aaron-martin,D,Genoa,28.0,28.0,21.0,1,6.409168280854517,5.997392352149724,0.04539607231611175,9.583029443816343,0.0
josh-doig,D,Sassuolo,19.0,19.0,18.0,0,6.133855512561253,5.962156633556883,1.0993401666738871,1.9698199764222244,0.0
samuele-mulattieri,A,Sassuolo,24.0,24.0,14.0,0,8.125028130952112,5.874466580447402,15.030214885195896,4.190665219443121,0.0
angelino,D,Roma,26.0,26.0,26.0,1,6.2759349182420525,6.066224882931714,1.6323637611510262,3.313279366417817,0.0
jonas-rouhi,D,Juventus,4.0,4.0,2.0,0,5.729542990929895,5.6956095624540914,0.10702453518247879,0.05324723429869741,0.0
zeki-celik,D,Roma,21.0,21.0,17.0,0,5.958327696326773,5.795835814346142,0.02518310159898345,2.829754731039626,0.0
rafa-marin,D,Napoli,23.0,23.0,17.0,0,5.935519855686089,5.89628914963879,0.7408800607703219,0.2814154354712299,0.0
nicolas-andrade,P,Pisa,31.0,31.0,31.0,1,4.92457502467914,6.076919431125906,0.0,0.0,7.0
sergi-roberto,D,Como,19.0,19.0,15.0,0,6.174132886090231,6.061985157009807,0.14016545149468276,1.696740970280568,0.0
giovanni-simeone,A,Napoli,25.0,25.0,13.0,0,6.411650429556867,5.952382760359604,4.764178323914689,3.5170497740141875,0.0
fabio-miretti,C,Genoa,20.0,20.0,16.0,0,6.389435910719245,5.93955983702523,3.483299570319898,3.8645298259246905,0.0
botond-balogh,D,Parma,20.0,20.0,15.0,0,5.778968045071225,5.741901829159159,0.010853417184319496,0.6118172561843809,0.0
arturo-calabresi,D,Pisa,23.0,23.0,15.0,0,6.115658491553647,5.975730114175472,0.485127378029443,2.389115925258261,0.0
kialonda-gaspar,D,Lecce,25.0,25.0,25.0,1,6.083614692711536,6.048985256049104,0.03498796759064019,0.7021611875269701,0.0
leonardo-spinazzola,D,Napoli,23.0,23.0,17.0,0,6.200889928474387,6.035448923366569,1.1820608473052887,2.3529250298684063,0.0
nicolo-fagioli,C,Fiorentina,25.0,25.0,12.0,0,6.3415584063011,6.014472446185652,2.4646989956747425,4.652362460735304,0.0
santiago-gimenez,A,Milan,28.0,28.0,21.0,1,7.9029505225311745,5.865604553617007,15.70641429468202,4.243329382148281,0.0
jesper-lindstrm,A,Everton,22.0,22.0,14.0,0,6.189765742329731,6.073238848472833,0.23724913459553976,2.000070265584167,0.0
mattia-felici,C,Cagliari,16.0,16.0,11.0,0,6.015229590465933,5.815777385281406,0.37412712976874996,2.438487384198292,0.0
janis-antiste,A,Sassuolo,19.0,19.0,14.0,0,7.123900672282544,5.916676665074338,8.482873098584525,2.5630589656670035,0.0
sead-kolasinac,D,Atalanta,26.0,26.0,24.0,1,6.151217436793834,6.049998234706052,0.12026572430637088,2.125630702168489,0.0
alessandro-russo,P,Sassuolo,2.0,2.0,1.0,0,6.0,6.0,2.833846064232771e-05,0.00013305284015875367,0.41338229852527975
yann-aurel-bisseck,D,Inter,26.0,26.0,21.0,1,6.455571974493817,6.1636834382473955,3.2303441140929845,3.0923282999048447,0.0
pietro-beruatto,D,Sampdoria,30.0,30.0,25.0,1,5.961192597718002,5.908244454977852,0.34522933957244073,1.1210688469107817,0.0
tajon-buchanan,C,Villarreal,18.0,18.0,13.0,0,6.260650038426869,6.0157680535795,2.0628827445839177,1.9896482471396952,0.0
ebenezer-akinsanmiro,C,Sampdoria,22.0,22.0,7.0,0,6.324083391791147,6.035374998388351,1.9524612914086426,3.731343195177833,0.0
alessandro-zanoli,D,Genoa,19.0,19.0,16.0,0,6.069443169190705,5.975197791003855,1.1257332299007994,0.7215793960222123,0.0
gianluca-gaetano,C,Napoli,22.0,22.0,10.0,0,6.9122800755715925,6.172837498071164,5.664418409766998,5.416024712577503,0.0
luca-pellegrini,D,Lazio,18.0,18.0,11.0,0,6.313376034378877,5.865956965890139,0.027476640802674854,6.696164070911584,0.0
cher-ndour,C,Fiorentina,9.0,9.0,3.0,0,5.975082577976236,5.87993656051217,0.4539296676682035,0.44128596411686355,0.0
edin-dzeko,A,Fenerbahçe,32.0,32.0,24.0,1,8.021388902127496,5.913565903466297,17.887281832296537,5.160920154656736,0.0
pedro,A,Lazio,27.0,27.0,14.0,0,7.467210001994269,5.98166768114729,11.972282792314921,4.097204808557052,0.0
moise-kean,A,Fiorentina,26.0,26.0,17.0,0,8.30847759536193,6.01543135549349,16.501000134938312,3.522652507681945,0.0
alessio-romagnoli,D,Lazio,33.0,33.0,32.0,1,6.015985763678536,5.93724128772277,2.224420400230602,0.2961974473689005,0.0
adrian-benedyczak,A,Parma,18.0,18.0,12.0,0,6.5971592048049,5.777552377375469,6.764091075179149,1.1818302921301465,0.0
nik-prelec,A,Austria Wien,29.0,29.0,25.0,1,6.67051271520439,5.984364852057371,7.672202666601095,2.7025077479126796,0.0
tomas-palacios,D,Inter,6.0,6.0,4.0,0,5.647828812949289,5.61527572524568,0.10367197882040179,0.10481602801052234,0.0
milan-uric,A,Parma,35.0,35.0,14.0,0,7.6458448605776335,5.921448564672468,16.278562017820466,4.932304614199787,0.0
simone-scuffet,P,Napoli,28.0,28.0,22.0,1,4.596715257453485,5.968542158892915,0.0005360168812666436,0.000788525930555907,4.984561800102544
mathias-olivera,D,Napoli,24.0,24.0,19.0,1,6.146613103354736,6.03538303846507,0.2160501329611701,2.1010509549368876,0.0
samuel-gigot,D,Lazio,24.0,24.0,21.0,1,6.112782943400209,5.933625376832724,3.061942505202575,0.605061389267854,0.0
razvan-sava,P,Udinese,16.0,16.0,16.0,0,4.702860314184658,6.120360801301334,0.0003062953615956802,0.0007404933833047437,4.160755712088919
yann-sommer,P,Inter,31.0,31.0,31.0,1,4.946095756450687,6.169350112708647,0.00015508266777719621,0.0013057992127298707,11.137221068909872
tarik-muharemovic,D,Sassuolo,19.0,19.0,13.0,0,5.986363612037345,5.826944570008481,1.5294608968604602,1.3933266705865555,0.0
jonathan-ikone,C,Como,28.0,28.0,13.0,0,6.2381280577220055,5.974449843596821,3.5595640036774476,2.393225431155376,0.0
honest-ahanor,D,Genoa,4.0,4.0,2.0,0,5.9871921531200165,5.929980888204438,0.04742935677497366,0.1644946588483866,0.0
obite-ndicka,D,Roma,32.0,32.0,30.0,1,5.910425068304262,5.870891163648748,0.03867389601058507,1.0329043208612063,0.0
ciro-immobile,A,Beşiktaş,28.0,28.0,24.0,1,8.370977749012495,6.051297514354973,17.668099901487967,4.6770178411587535,0.0
matias-vecino,C,Lazio,20.0,20.0,12.0,0,6.152656654267782,5.926575121170625,2.562651153751818,1.4810297638468906,0.0
nicola-zalewski,C,Inter,24.0,24.0,14.0,0,6.27343797160525,5.93447958044838,3.4217281439199474,3.245740688728513,0.0
evan-ferguson,A,West Ham,18.0,18.0,11.0,0,7.230868011172145,6.087982952678079,8.491531601991525,0.5625261134053198,0.0
benjamin-pavard,D,Inter,25.0,25.0,22.0,1,6.110993784025164,6.060854158559778,0.04731332378316591,1.018430711779376,0.0
matias-moreno,D,Fiorentina,3.0,3.0,1.0,0,6.0,6.0,0.014600446856166113,0.05619665596025782,0.0
damian-pizarro,A,Udinese,0.0,0.0,0.0,0,6.0,6.0,0.0,0.0,0.0
benjamin-siegrist,P,Genoa,18.0,18.0,13.0,0,5.504467692163094,6.462266944287614,0.0003445822819339421,0.0005533583594441144,5.40175037663597
nikola-krstovic,A,Lecce,29.0,29.0,19.0,1,7.352956494960991,6.056184557390626,9.482992195114374,11.284933795633432,0.0
el-bilal-toure,A,Stuttgart,16.0,16.0,7.0,0,6.567946695531678,5.977234429799185,4.600611743592257,2.1702156106901946,0.0
marco-bleve,P,Carrarese,14.0,14.0,13.0,0,4.948864524621612,6.177564707908807,0.0002968950307151185,0.0018135584667492053,5.141251136925728
denzel-dumfries,D,Inter,29.0,29.0,21.0,1,6.8757213849257335,6.003658720776188,8.71650143369271,3.723515194469369,0.0
lucas-beltran,A,Fiorentina,26.0,26.0,18.0,0,6.69397749551813,5.956544790974522,6.410875298306448,5.867941269561794,0.0
arthur-melo,C,Girona,18.0,18.0,14.0,0,6.096258992582458,6.0422769020562335,0.13490079415695597,0.7338458220828102,0.0
ruslan-malinovskyi,C,Genoa,16.0,16.0,12.0,0,6.207787532192114,5.980602935988396,2.0188665921559132,1.3946346960127072,0.0
lorenzo-pellegrini,C,Roma,28.0,28.0,23.0,1,6.342294188090161,6.037488411839543,3.0737907245202463,4.116533536697543,0.0
alessandro-buongiorno,D,Napoli,27.0,27.0,26.0,1,6.213225910581977,6.156205599630682,1.1141671951160528,0.5219364491881083,0.0
edoardo-goldaniga,D,Como,25.0,25.0,23.0,1,5.80651926695134,5.731699463853198,1.2016695743053978,0.7240080141557707,0.0
amir-rrahmani,D,Napoli,32.0,32.0,30.0,1,6.201932006130535,6.1330081035455475,1.3740685209336414,0.8514982813316284,0.0
mehdi-taremi,A,Inter,22.0,22.0,17.0,0,6.279853371506867,5.907245545010622,4.007530064083264,2.286806746140084,0.0
mattia-perin,P,Juventus,20.0,20.0,20.0,1,5.612933608667427,6.115590545306723,0.00010064565894595697,0.007083695083888079,8.052017054035634
enrico-del-prato,D,Parma,35.0,35.0,33.0,1,6.186206283978098,6.030093885206705,3.724476857995837,0.5141376954415493,0.0
youssef-maleh,C,Empoli,23.0,23.0,17.0,0,5.9193608674810125,5.850922031456496,0.06154115407518638,1.2776386053788762,0.0
michele-di-gregorio,P,Juventus,31.0,31.0,31.0,1,5.24476504938674,6.216990520616494,0.00015600077152046885,0.0021116883691450435,11.170385349824251
david-neres,C,Napoli,25.0,25.0,16.0,0,6.825351257018223,6.22462365702885,3.4476817450536252,8.93976633116861,0.0
rui-modesto,C,Udinese,14.0,14.0,5.0,0,6.2478718633115085,5.957658889113396,0.24681544387156684,3.243793510233295,0.0
mohamed-kaba,C,Lecce,20.0,20.0,15.0,0,5.888528749334283,5.850917201863368,0.13575115951848918,0.550482042896042,0.0
zion-suzuki,P,Parma,30.0,30.0,29.0,1,4.711977410124387,6.225225814409912,0.00015096848895607246,0.009707243155133084,5.346326326028506
alieu-fadera,C,Como,28.0,28.0,24.0,1,6.224880647466901,5.997272992678699,1.3401122819288833,4.3549497522523035,0.0
maximo-perrone,C,Como,20.0,20.0,10.0,0,6.231377659059708,5.990185650052775,0.041618416342922085,3.9968956404170433,0.0
domenico-berardi,A,Sassuolo,25.0,25.0,21.0,1,7.823276785833062,6.346759932771189,8.661844010502016,13.597686158124981,0.0
adrian-bernabe,C,Parma,26.0,26.0,23.0,1,6.3139958715844555,6.133883142713426,1.4007089633721492,2.891740771284042,0.0
gvidas-gineitis,C,Torino,19.0,19.0,6.0,0,6.304726002022726,5.876159392620428,3.9808561078673006,2.2902569193014126,0.0
brooke-norton-cuffy,D,Genoa,24.0,24.0,20.0,1,5.8237665574293915,5.735887975445121,0.40289338718925277,1.5183364624209923,0.0
marco-nasti,A,Cremonese,24.0,24.0,16.0,0,6.289814548531674,5.915641587144112,4.342549224340579,2.30019475182418,0.0
mario-hermoso,D,Roma,21.0,21.0,20.0,1,5.833368713123308,5.792500509975222,0.46853126355291425,0.43330324945045273,0.0
tommaso-pobega,C,Bologna,16.0,16.0,7.0,0,6.401425455992283,5.953519798013763,2.8593609476147392,3.2853434983293064,0.0
filip-marchwinski,C,Lecce,9.0,9.0,7.0,0,6.067026684052309,5.961481289942803,0.4268248606123726,0.5369265422203564,0.0
lautaro-valenti,D,Parma,18.0,18.0,17.0,0,5.860735859345658,5.791555652142343,0.9487821957448147,0.4101078812670834,0.0
facundo-gonzalez,D,Feyenoord,15.0,15.0,10.0,0,6.085299486142315,6.063956251593142,0.08032462217135924,0.22210431573111414,0.0
giovanni-leoni,D,Parma,12.0,12.0,9.0,0,5.905124164639098,5.840908408362055,0.8692438437502776,0.07603772571980223,0.0
gustav-isaksen,A,Lazio,33.0,33.0,24.0,1,6.517515764309396,6.060292253411667,5.466737293166518,4.91933381711788,0.0
eldor-shomurodov,A,Roma,21.0,21.0,11.0,0,6.9014218224508435,5.921829469026192,6.900178081268352,5.632854097215315,0.0
marco-curto,D,Sampdoria,24.0,24.0,22.0,1,5.973979287189257,5.884350305762551,1.6984174804842702,0.49645777333341057,0.0
mauro-vigorito,P,Como,6.0,6.0,4.0,0,5.092121152271273,6.211489601281153,0.00014634111176375423,0.004618061481629306,1.6365689939466237
christian-kouame,A,Empoli,28.0,28.0,17.0,0,6.5319523607665415,5.904396975157148,6.664045085417633,3.8190617798039916,0.0
marcus-pedersen,D,Torino,19.0,19.0,17.0,0,5.79425977867969,5.7068927261145594,0.3232001278273791,1.1944460827498729,0.0
edoardo-iannoni,C,Sassuolo,14.0,14.0,5.0,0,6.472270938650412,6.005274583842886,1.861906302446149,3.98367015197387,0.0
federico-baschirotto,D,Lecce,37.0,37.0,37.0,1,6.00431624206547,5.940858438058987,2.025154191996722,0.31514945342816086,0.0
gianluca-mancini,D,Roma,34.0,34.0,34.0,1,6.143392880480444,6.060123075233956,1.751342696125017,1.0095719995136547,0.0
artem-dovbyk,A,Roma,32.0,32.0,29.0,1,7.540211002285533,5.9904988471913505,14.085028941063166,4.013953222379245,0.0
filippo-terracciano,D,Milan,12.0,12.0,9.0,0,5.704908767075451,5.597819073544987,0.013193111778182073,1.063657163804609,0.0
frederic-guilbert,D,Lecce,27.0,27.0,26.0,1,5.852465885882701,5.785047573532107,0.015353216452954977,1.508483172338378,0.0
pietro-comuzzo,D,Fiorentina,16.0,16.0,12.0,0,5.941151709774085,5.83307151680894,1.5361003646907674,0.30393103812356576,0.0
luca-zanimacchia,D,Cremonese,30.0,30.0,21.0,1,6.245742876505529,5.8900471078129835,1.6785674977051426,7.616154586387142,0.0
matteo-politano,C,Napoli,31.0,31.0,21.0,1,6.5903830107075985,6.100034150220647,4.2336640729825445,7.696639487380565,0.0
matteo-guendouzi,C,Lazio,31.0,31.0,27.0,1,6.358851703490382,6.160617509675194,1.1395593061074996,4.338862947473307,0.0
romelu-lukaku,A,Napoli,32.0,32.0,28.0,1,8.303062401020178,6.083692152520104,16.686618496178653,12.360562628099226,0.0
johan-vasquez,D,Genoa,29.0,29.0,28.0,1,6.014865206526046,5.9193259002306124,2.367688927635332,0.26749243673582623,0.0
francisco-conceicao,C,Juventus,23.0,23.0,13.0,0,6.886973024136175,6.111082305887955,4.649318106452952,9.063652903044948,0.0
charalampos-lykogiannis,D,Bologna,14.0,14.0,10.0,0,6.380316943344119,5.970386477757891,0.09255573765528664,4.730903206888222,0.0
gaby-jean,D,Lecce,29.0,29.0,29.0,1,5.811604288929503,5.795477293917078,0.2150478359623407,0.26678348214990977,0.0
laurs-skjellerup,C,Sassuolo,3.0,3.0,2.0,0,6.0,6.0,0.06804998715209365,0.1263483881315133,0.0
nicola-leali,P,Genoa,14.0,14.0,14.0,0,5.117837893718568,6.18899413329394,7.045196137680052e-05,0.00084728107312598,4.074722771463272
gleison-bremer,D,Juventus,33.0,33.0,33.0,1,6.192872829719759,6.0516815023319825,3.6331023957804165,0.0,0.0
luka-modric,C,Real Madrid,24.0,24.0,18.0,0,6.485543350054327,6.083980703009628,2.049388406327602,6.362788927663668,0.0
manuel-de-luca,A,Cremonese,25.0,25.0,7.0,0,7.339141043915298,5.695366871780694,12.106549146131035,4.408204533954145,0.0
alberto-dossena,D,Como,23.0,23.0,22.0,1,5.904052072899543,5.849209679362573,0.029241345562630545,1.0350469041837322,0.0
saba-sazonov,D,Empoli,17.0,17.0,16.0,0,5.841972346733362,5.795566832161185,0.4379908034497983,0.39550051601258196,0.0
ange-yoan-bonny,A,Parma,28.0,28.0,18.0,0,7.0456036105861015,6.057160564309648,8.631520175652064,6.0047486828888825,0.0
emil-audero,P,Palermo,15.0,15.0,15.0,0,4.951133401229854,6.05714731354882,7.54842441573658e-05,0.0028381694897120567,4.264181019369857
peter-kovacik,D,Jagiellonia,8.0,8.0,3.0,0,5.719178989515683,5.67847162314119,0.03779563649020128,0.25053750348667436,0.0
luca-marianucci,D,Empoli,10.0,10.0,9.0,0,5.8191892526862175,5.802966306666544,0.08885390981897,0.08567418089357565,0.0
antoine-hainaut,C,Parma,17.0,17.0,5.0,0,6.704133286597569,5.94169265718299,5.6280443462208725,2.75140243785986,0.0
abdou-harroui,C,Hellas Verona,10.0,10.0,5.0,0,6.402893729198002,6.023306794228869,1.2356576700701511,2.2992593997929074,0.0
federico-ravaglia,P,Bologna,4.0,4.0,4.0,0,5.248497604783479,6.113489334629139,8.482715109876168e-05,0.0008560607575174635,1.611612232287088
dennis-johnsen,A,Cremonese,28.0,28.0,16.0,0,7.243540493662529,5.91330144732134,9.066196997508534,12.468421544443068,0.0
alessandro-vogliacco,D,Parma,26.0,26.0,15.0,0,6.084498593121565,5.79172170982605,4.722849816872351,0.380673769958807,0.0
nicolo-barella,C,Inter,33.0,33.0,30.0,1,6.773191558193262,6.277845215424004,3.672265374385421,9.672637632163832,0.0
hamza-rafia,C,Lecce,15.0,15.0,9.0,0,5.861144317380557,5.828710639382302,0.2418484339320381,0.26639421972031413,0.0
andre-frank-zambo-anguissa,C,Napoli,35.0,35.0,32.0,1,6.46399507952081,6.086905080552228,5.245868630141073,3.8692298889845564,0.0
tommaso-cassandro,D,Catanzaro,23.0,23.0,14.0,0,6.023485934031394,5.86210495484529,0.978515083886224,2.442114460793376,0.0
idrissa-toure,D,Pisa,30.0,30.0,21.0,1,6.5029872564301625,5.919715210317283,6.431261490568306,4.415370445164691,0.0
yerry-mina,D,Cagliari,23.0,23.0,17.0,0,6.073047872444365,5.971842295952498,1.657316836997989,0.6846823396389968,0.0
giacomo-raspadori,A,Napoli,19.0,19.0,10.0,0,6.974305642269268,5.950056207165094,7.348746605614134,3.3531482269188646,0.0
christian-sussi,C,Pisa,3.0,3.0,1.0,0,6.0,6.0,0.39483567035750805,0.19816406897435362,0.0
berat-djimsiti,D,Atalanta,30.0,30.0,28.0,1,5.9912009210944115,5.864543637565083,1.1350108426294963,2.3880500555865947,0.0
tommaso-barbieri,D,Cremonese,23.0,23.0,11.0,0,6.642462692958726,5.9756497265490145,4.339551073227558,7.603233498019431,0.0
hernani,C,Parma,27.0,27.0,22.0,1,6.205799268795282,5.891013107532302,3.2934961207742868,3.7528181479100065,0.0
douglas-luiz,C,Juventus,25.0,25.0,25.0,1,6.126505411972865,6.039629078959981,0.35525363419220274,1.6009844117229588,0.0
marcus-thuram,A,Inter,32.0,32.0,28.0,1,8.1150023502777,6.342445922249466,14.667660940240392,7.78698370206322,0.0
reda-belahyane,C,Lazio,27.0,27.0,5.0,0,6.143091825227075,5.990865492831458,0.21419647874596373,3.3026481028060033,0.0
valentin-carboni,C,Marseille,9.0,9.0,3.0,0,6.048544310305029,5.962316493230147,0.31803835325182084,0.46105242201413726,0.0
juan-cruz,A,Cosenza,4.0,4.0,2.0,0,5.877796653982648,5.758070146026675,0.20054022307167108,0.284766985217422,0.0
cristian-volpato,C,Sassuolo,16.0,16.0,5.0,0,7.782965125403713,6.040751917960123,7.260658613886836,10.63636048677148,0.0
jurgen-ekkelenkamp,C,Udinese,31.0,31.0,20.0,1,6.278228309378387,5.973306137883567,3.834375406603683,3.6456099086537455,0.0
ben-lhassine-kone,C,Frosinone,13.0,13.0,8.0,0,6.0112845675602316,5.819251825026913,1.2001042397511643,1.246954853745629,0.0
vitinha,A,Genoa,22.0,22.0,15.0,0,6.4143920921627595,6.003496751749523,3.1531624096346444,4.418817164498256,0.0
jacob-ondrejka,C,Parma,26.0,26.0,14.0,0,7.920059427046765,6.3383730281643,11.834510634203438,5.46505100364326,0.0
jens-odgaard,A,Bologna,26.0,26.0,19.0,1,6.936310814123873,6.1546017955915095,7.458119789277156,3.7331012078531156,0.0
mattia-viti,D,Empoli,18.0,18.0,15.0,0,6.0086013366736655,5.945353332747967,1.1476689118162007,0.15973425410587425,0.0
alessandro-bastoni,D,Inter,30.0,30.0,28.0,1,6.41807559549152,6.1487941816725575,1.200622399434867,5.898192650828902,0.0
kingsley-ehizibue,D,Udinese,25.0,25.0,19.0,1,5.909544587172453,5.862408172876031,0.25301621758586074,0.8362335170237992,0.0
kristian-thorstvedt,C,Sassuolo,23.0,23.0,19.0,1,7.044777416289816,5.997077875696418,7.721816912965352,6.043058709771114,0.0
brian-bayeye,D,Radnički Niš,7.0,7.0,5.0,0,5.524610152910782,5.499579486074256,0.033820454149766865,0.12737478943708574,0.0
ola-solbakken,A,Empoli,12.0,12.0,5.0,0,6.0157526924309535,5.834108391190648,0.6867170249736229,1.3849705964166652,0.0
juan-jesus,D,Napoli,16.0,16.0,16.0,0,5.758605945863474,5.730660790185835,0.2798680515247029,0.21047993350975494,0.0
dusan-vlahovic,A,Juventus,28.0,28.0,23.0,1,7.746571676306074,6.118691680451629,13.055967539440383,4.54587908005642,0.0
jesper-karlsson,C,Lecce,27.0,27.0,19.0,1,6.394570096975536,5.8753919599795505,5.906946340291251,2.924145732003087,0.0
raffaele-di-gennaro,P,Inter,10.0,10.0,8.0,0,6.093167566367726,6.4910956820127845,0.00019143460136578018,0.0003006300935492761,3.249089163584916
caleb-ekuban,A,Genoa,19.0,19.0,8.0,0,6.32438121609602,5.9506378418616475,1.7362798997386055,4.583214064618427,0.0
francesco-rossi,P,Atalanta,0.0,0.0,0.0,0,6.0,6.0,0.0,0.0,0.0
david-de-gea,P,Fiorentina,37.0,37.0,36.0,1,4.911809125963067,6.206959516852135,0.00020527898585119404,0.004042858359118907,11.380730579859287
ademola-lookman,A,Atalanta,29.0,29.0,21.0,1,8.370977749012495,6.42302477612375,16.537961587653353,9.702411029988864,0.0
rares-burnete,A,Lecce,1.0,1.0,1.0,0,6.0,6.0,0.0704378356635709,0.045467083573221295,0.0
stefano-moreo,A,Pisa,33.0,33.0,28.0,1,6.555567226104216,5.738296153239147,7.63609762936035,8.710416761669705,0.0
nicholas-pierini,A,Sassuolo,27.0,27.0,13.0,0,7.909244961045049,5.788252276708279,15.611755726884892,4.772000360153135,0.0
mehdi-leris,D,Pisa,22.0,22.0,17.0,0,5.913066403746773,5.790069682762842,1.1632870399813187,1.4528075758983134,0.0
khephren-thuram,C,Juventus,31.0,31.0,26.0,1,6.727097658708852,6.240462868824972,4.883231068189054,6.262481667954713,0.0
fikayo-tomori,D,Milan,26.0,26.0,26.0,1,5.999873296506073,5.945943440086444,0.21127530584862345,1.0477770987667387,0.0
andrea-ghion,C,Sassuolo,18.0,18.0,10.0,0,6.388240698604027,6.012459915059555,0.042697637454927155,5.613139714465979,0.0
alessandro-deiola,C,Cagliari,23.0,23.0,16.0,0,5.980021990914377,5.75604137138202,2.6959381164235365,1.8303175462994008,0.0
jean-butez,P,Como,27.0,27.0,25.0,1,5.260131593840274,6.262851150038225,0.0006585350042176726,0.0010917395371681442,6.699474976344642
guven-yalcn,A,Arouca,22.0,22.0,9.0,0,6.936218855727367,5.944573154566925,8.305286799100214,2.228524317772369,0.0
stefan-posch,D,Atalanta,22.0,22.0,18.0,0,5.9493043889477475,5.907106696392397,0.4336944782223671,0.5145055100507873,0.0
razvan-marin,C,Cagliari,30.0,30.0,26.0,1,6.189825089375574,5.943683270381687,2.52687790834695,3.9126175457502512,0.0
davide-zappacosta,D,Atalanta,24.0,24.0,22.0,1,6.429904937226238,5.983967527158667,3.8940703340786333,4.580703052508678,0.0
sebastiano-esposito,A,Empoli,27.0,27.0,17.0,0,7.266556496013495,6.1980779875355605,10.13407960739843,1.6161440096853246,0.0
daniel-maldini,C,Atalanta,30.0,30.0,9.0,0,7.305678999055066,6.074431631559857,11.657023543516372,2.6491840932505983,0.0
jhon-lucumi,D,Bologna,32.0,32.0,31.0,1,5.949134976936716,5.915815875420708,0.05423716159091226,0.8584961732422807,0.0
toma-basic,C,Lazio,13.0,13.0,8.0,0,6.070509120874548,5.853439351998963,1.413609571234864,1.3290783181237007,0.0
marc-oliver-kempf,D,Como,28.0,28.0,27.0,1,5.880564073166674,5.852920767607591,0.04990025011056093,0.6174215861048508,0.0
valentin-mihaila,A,Parma,19.0,19.0,12.0,0,6.194694972194001,5.808080897930768,0.9432788156480391,5.498103551561198,0.0
youssouf-fofana,C,Milan,34.0,34.0,31.0,1,6.228350358720097,6.059705775344497,1.2460359574001907,3.9053068792032506,0.0
nadir-zortea,D,Cagliari,24.0,24.0,20.0,1,6.610251455784169,5.967072481815053,6.299165138027301,3.061654399755359,0.0
joao-mario,D,Porto,26.0,26.0,18.0,0,6.126412433928713,5.924778300949047,0.009098959693943047,4.363750632741513,0.0
lorenzo-lucca,A,Udinese,28.0,28.0,20.0,1,7.467524486211287,6.03423021570791,12.801351367477647,0.9698769270728854,0.0
tomas-suslov,A,Hellas Verona,31.0,31.0,26.0,1,6.111692048770748,5.9504423967027815,1.029931638429731,3.4735076556180777,0.0
filippo-romagna,D,Sassuolo,14.0,14.0,8.0,0,5.587591329483353,5.570069913758326,0.05795365968138978,0.17232241119249053,0.0
antonio-vergara,A,Reggiana,25.0,25.0,16.0,0,7.109068723035277,5.986931497219844,7.822984436064761,9.014752636936871,0.0
anastasios-douvikas,A,Como,28.0,28.0,15.0,0,7.12652231130516,6.097166144279318,9.276903358567736,4.701794443268351,0.0
arkadiusz-milik,A,Juventus,20.0,20.0,12.0,0,6.63310406254967,5.976419430644615,6.128674821072721,1.6038807327439741,0.0
lassana-coulibaly,C,Lecce,33.0,33.0,28.0,1,5.999105515533476,5.933268038543487,1.4792580096047228,0.7271507355556682,0.0
oussama-el-azzouzi,C,Bologna,7.0,7.0,2.0,0,6.3439091879466645,6.103152134903791,1.4854200672143456,0.3152560114756156,0.0
pierre-kalulu,D,Juventus,24.0,24.0,21.0,1,5.934881358886947,5.884407375235824,1.072212604851805,0.283031412011944,0.0
daniel-boloca,C,Sassuolo,30.0,30.0,28.0,1,6.228206659133061,5.972903067436291,3.8210840060049205,2.174565425980718,0.0
manu-kone,C,Roma,29.0,29.0,26.0,1,6.113400632273631,5.972297284196852,2.212188270716753,1.5550908235663972,0.0
anthony-partipilo,A,Frosinone,27.0,27.0,20.0,1,6.198722980892531,5.8727344748771335,4.166621201320771,2.49256196607557,0.0
gianluca-scamacca,A,Atalanta,14.0,14.0,9.0,0,7.75098651732234,6.026158110329921,8.153124232846718,4.679045456041919,0.0
lameck-banda,A,Lecce,19.0,19.0,12.0,0,6.14444387354345,5.910332636224236,1.6334088231313886,2.4752945803984936,0.0
rachid-kouda,C,Spezia,17.0,17.0,9.0,0,6.5742668437916505,6.021179859152799,3.896156797563295,3.493606062154297,0.0
assane-diao,C,Como,22.0,22.0,13.0,0,7.882528663296075,6.320806245903501,10.870816156355765,3.4658801067437612,0.0
vasilije-adzic,C,Juventus,0.0,0.0,0.0,0,6.0,6.0,0.0,0.0,0.0
luca-ranieri,D,Fiorentina,23.0,23.0,19.0,1,6.15475349321873,5.937581881548368,1.319182939964794,3.2252368390636494,0.0
mateo-pellegrino,A,Parma,16.0,16.0,6.0,0,6.747085167703821,6.034825329065915,5.23662223035655,2.3891330061842995,0.0
carlos-augusto,D,Inter,29.0,29.0,23.0,1,6.404614627108541,6.161200045308507,2.7578557284561307,3.336111373814691,0.0
adrien-tameze,C,Torino,24.0,24.0,21.0,1,5.893215093245963,5.75934743248175,0.0,2.6773532152842496,0.0
simone-pafundi,C,Lausanne-Sport,9.0,9.0,3.0,0,5.9026003498323325,5.823954592567962,0.1501541887670811,0.5051151613726699,0.0
noa-lang,A,PSV Eindhoven,25.0,25.0,16.0,0,8.358399083456513,6.012852124389462,13.495720463751217,13.766740609232855,0.0
marco-carnesecchi,P,Atalanta,27.0,27.0,26.0,1,4.859087987303839,6.2510782062583905,0.00013587163983612264,0.019086925928067804,9.313325999318144
timothy-weah,C,Juventus,24.0,24.0,16.0,0,6.361635062878911,5.931002862877318,4.733055472176102,2.6281016959733345,0.0
oliver-abildgaard,C,Pisa,23.0,23.0,13.0,0,5.776911401468168,5.6404388792456635,0.34968080081247965,2.4102920197949556,0.0
orji-okwonkwo,A,Cittadella,24.0,24.0,13.0,0,6.672046676290187,5.999325633923842,6.738955911216925,2.414922590785944,0.0
christian-kabasele,D,Udinese,26.0,26.0,24.0,1,5.8234358658345995,5.686213765291598,2.860983567967527,0.28413990710096604,0.0
nicolo-cambiaghi,A,Bologna,20.0,20.0,12.0,0,6.499743753034552,6.024217704684578,2.4027772614116816,5.840833601740305,0.0
elayis-tavsan,A,Cesena,22.0,22.0,13.0,0,6.419408146402056,5.974324909399738,4.426156779275584,2.8101699846216,0.0
jens-cajuste,C,Ipswich Town,24.0,24.0,18.0,0,5.912776986811695,5.798457367375007,1.3620079735554507,1.3108193976916047,0.0
gabriele-piccinini,C,Pisa,24.0,24.0,10.0,0,6.603840582727414,6.024040802070568,4.378118140438911,6.342270730491134,0.0
alex-meret,P,Napoli,34.0,34.0,33.0,1,5.250089013651446,6.172194606155755,0.00017109762058276057,0.0015478488072487896,11.861026486077453
riccardo-sottil,C,Milan,27.0,27.0,9.0,0,6.364668137548128,5.975879439120728,3.823958501223628,4.53464022904968,0.0
alberto-paleari,P,Torino,29.0,29.0,27.0,1,5.139630468797088,6.221652457331509,0.0004109076763390785,0.0012663236438553908,9.657178114845694
luca-moro,A,Sassuolo,20.0,20.0,14.0,0,7.212793518540749,5.977248304359371,9.29039424448222,1.2278662941282783,0.0
sandi-lovric,C,Udinese,33.0,33.0,28.0,1,6.366553724528105,6.079564610401426,2.644625973973013,5.497927567845461,0.0
paulo-azzi,D,Cremonese,23.0,23.0,18.0,0,6.261280850955574,5.847214506105877,3.2740880988996515,4.636663496495991,0.0
oier-zarraga,C,Udinese,12.0,12.0,7.0,0,6.128261570383242,6.001111083788574,1.1751481069733383,0.45934188547278815,0.0
tommaso-martinelli,P,Fiorentina,0.0,0.0,0.0,0,6.0,6.0,0.0,0.0,0.0
matteo-darmian,D,Inter,27.0,27.0,24.0,1,6.1612506149873525,5.88680142820303,3.0050933889524387,3.2803108782570876,0.0
alex-valle,D,Celtic,19.0,19.0,14.0,0,5.889267268908356,5.805497258742612,0.014961162267376297,1.3181455326526479,0.0
federico-dimarco,D,Inter,30.0,30.0,26.0,1,6.917839076758599,6.19598489857584,5.193742717560221,11.038247766547023,0.0
elia-caprile,P,Napoli,31.0,31.0,28.0,1,5.392413453629423,6.224134874628977,0.0004892579885086983,0.0015890597857523613,10.320186866750634
samuele-ricci,C,Torino,29.0,29.0,26.0,1,6.161416500364916,6.0562445949781285,1.2613345275729544,1.655386976494332,0.0
remo-freuler,C,Bologna,29.0,29.0,29.0,1,6.067167104572685,5.970239035673316,1.1250470549289027,1.572360937291487,0.0
sebastiano-luperto,D,Cagliari,35.0,35.0,35.0,1,6.023641738184451,5.937443651284804,1.1229731558833913,1.7457705613847574,0.0
antonio-caracciolo,D,Pisa,25.0,25.0,20.0,1,5.908975738132641,5.797432856601959,2.2481557317239824,0.42650790352525214,0.0
ivan-azon,A,Como,24.0,24.0,16.0,0,6.884117428163067,6.045567594150333,7.4937188376213815,3.455689671123678,0.0
enzo-ebosse,D,Jagiellonia,14.0,14.0,10.0,0,5.71016411210925,5.698357755082597,0.0036897950823998257,0.1357199702039304,0.0
mario-gila,D,Lazio,21.0,21.0,16.0,0,5.917052984020235,5.842012946662933,1.2442699010467182,0.44177657484008953,0.0
daniele-ghilardi,D,Hellas Verona,32.0,32.0,27.0,1,5.767863048390265,5.741251611004443,0.07564941392905976,0.6675931743879644,0.0
medon-berisha,C,Lecce,14.0,14.0,4.0,0,6.112415707016444,5.8397853150234855,0.22509743869605156,3.0517279578076515,0.0
keinan-davis,A,Udinese,18.0,18.0,13.0,0,6.228710530367996,5.9749751707301,2.5700349266508873,1.5094696106613592,0.0
samuele-angori,D,Pisa,29.0,29.0,23.0,1,6.12823207108484,5.899764344486547,2.094697101246057,3.801841229347577,0.0
wladimiro-falcone,P,Lecce,38.0,38.0,38.0,1,5.0010724850784065,6.261298125279167,0.0001912267521850547,0.0010328857267137591,7.931498283906144
ben-godfrey,D,Ipswich Town,21.0,21.0,19.0,1,5.896513192742642,5.857654835844116,0.5648095616408397,0.3336193759988874,0.0
vanja-milinkovic-savic,P,Torino,38.0,38.0,38.0,1,4.959870630104369,6.201565794032677,0.00022133101245037828,0.005627442697966193,9.127109306096594
lorenzo-moretti,D,Cremonese,3.0,3.0,2.0,0,6.0,6.0,0.048936812334657624,0.01698934041205598,0.0
tobias-slotsager,D,Hellas Verona,7.0,7.0,7.0,0,5.97322558669364,5.931682969567248,0.056619899701559756,0.21098497367853575,0.0
sebastian-otoa,D,Aalborg,9.0,9.0,6.0,0,5.7783187107576754,5.7403754630647486,0.04258758043759506,0.2610636059019545,0.0
teun-koopmeiners,C,Juventus,31.0,31.0,28.0,1,6.585028202456339,6.222378810925813,4.0098594515218915,4.81981730034219,0.0
ruan,D,Sassuolo,17.0,17.0,9.0,0,5.648551073703914,5.609646328306476,0.04862004765023327,0.5242764989398925,0.0
loum-tchaouna,C,Lazio,21.0,21.0,13.0,0,6.182523094024548,5.9332303873543735,1.9981227020198542,2.7510415571795095,0.0
marash-kumbulla,D,Espanyol,20.0,20.0,14.0,0,5.9702965047407,5.649686238659883,4.099707065931079,0.6278223390588774,0.0
nicolas-valentini,D,Fiorentina,16.0,16.0,13.0,0,5.672998203556857,5.652929105106761,0.10582573093986236,0.20840876810300546,0.0
emirhan-ilkhan,C,Torino,4.0,4.0,0.0,0,5.952384706745107,5.828706305619366,0.310960023278845,0.23099571281010028,0.0
mbala-nzola,A,Lens,27.0,27.0,21.0,1,6.872253222555318,5.980574765401596,8.794351262235686,2.442193834451595,0.0
antonio-donnarumma,P,Torino,4.0,4.0,1.0,0,4.9733137249018045,6.125154829837966,7.657384097259983e-05,0.00016957454781544058,0.9578436627833347
lisandru-tramoni,C,Bastia,23.0,23.0,13.0,0,6.250014909471657,5.919074534499011,1.634006296017146,5.11096895576777,0.0
patrick-cutrone,A,Como,33.0,33.0,25.0,1,6.836431267236549,5.906596124621968,9.41891830487684,5.746704436982865,0.0
marius-marin,C,Pisa,32.0,32.0,29.0,1,6.197807613809117,6.018974429244392,1.2215639766086364,3.917079935549574,0.0
piotr-zielinski,C,Inter,29.0,29.0,25.0,1,6.297964697673389,5.9472579783793815,3.9244904555524265,4.08255625349363,0.0
simon-sohm,C,Parma,27.0,27.0,17.0,0,6.209928853902279,5.875047904729351,4.197193935995554,2.634253426285082,0.0
nuno-tavares,D,Lazio,23.0,23.0,20.0,1,6.522163225716953,5.981815438976287,0.02106920765899522,10.345085489842694,0.0
alexander-lind,A,Pisa,27.0,27.0,13.0,0,7.560701044800064,5.941164994564888,12.104298114297865,6.611015130295665,0.0
benjamin-dominguez,A,Bologna,24.0,24.0,14.0,0,6.631600633315806,6.042936475669853,4.912986910407067,5.399025760363594,0.0
mitchel-bakker,D,Lille,23.0,23.0,14.0,0,6.511367862628983,5.984249387778858,4.737375627330742,4.109356260105798,0.0
manuel-locatelli,C,Juventus,31.0,31.0,31.0,1,6.188718335331706,6.011926288413809,1.9257566974504472,3.0343728927556395,0.0
daniele-sommariva,P,Genoa,0.0,0.0,0.0,0,6.0,6.0,0.0,0.0,0.0
ederson,C,Atalanta,29.0,29.0,27.0,1,6.466652823507072,6.069629037699801,4.8142612649739505,3.4359155255718576,0.0
adam-obert,D,Cagliari,22.0,22.0,17.0,0,5.873888663680502,5.743657134443723,0.8071750406804155,1.8682406656644985,0.0
pablo-mari,D,Fiorentina,37.0,37.0,24.0,1,5.875888938039119,5.862824407738717,0.11460917951152166,0.3386174002676538,0.0
nikola-vlasic,C,Torino,30.0,30.0,27.0,1,6.385906126769961,5.939089133885908,4.823322094157968,4.991989160456794,0.0
ukasz-skorupski,P,Bologna,35.0,35.0,35.0,1,4.988477859619074,6.166400855598747,0.00015289071349386266,0.0006476045276345162,9.195821010360865
agustin-alvarez,A,Elche,23.0,23.0,11.0,0,7.0637984269380425,5.9426326526429,8.76356463141705,3.9750668972171446,0.0
maduka-okoye,P,Udinese,20.0,20.0,19.0,1,4.77517715311089,6.137972572434595,0.00010064565889685842,0.0003920567167762348,4.709043659442256
marco-sportiello,P,Milan,23.0,23.0,23.0,1,4.7429274550213085,6.118618657931164,0.00011574250717561381,0.0009166026991006053,6.64355179098518
michele-castagnetti,C,Cremonese,27.0,27.0,22.0,1,6.044288119999148,5.79975679127533,1.1106594552855191,4.743843949391519,0.0
edoardo-pieragnolo,D,Sassuolo,18.0,18.0,16.0,0,5.922668805680852,5.792574634967205,0.6382745576441521,1.5542032030866453,0.0
edoardo-bove,C,Fiorentina,13.0,13.0,11.0,0,6.2388114890662365,5.941617372841249,1.2424191640337017,2.349783580788689,0.0
jackson-tchatchoua,D,Hellas Verona,30.0,30.0,23.0,1,5.971263217348997,5.7886302546111255,1.7596225767153413,3.2076166752130844,0.0
oliver-christensen,P,Salernitana,21.0,21.0,20.0,1,5.159333758124356,5.922651765202318,0.000402012662439087,0.0015276543823072768,4.760251630037615
zinho-vanheusden,D,Mechelen,4.0,4.0,4.0,0,5.560365842963311,5.546407117324323,0.021303695041107767,0.03481921909127935,0.0
zito-luvumbo,A,Cagliari,26.0,26.0,18.0,0,6.416614152442529,6.043669128068329,3.5661189512498455,4.310286517700944,0.0
filip-kostic,D,Fenerbahçe,25.0,25.0,24.0,1,6.2746342544178795,5.876841653338476,1.292262865371799,7.37395946770335,0.0
yeferson-paz,D,Sassuolo,14.0,14.0,9.0,0,6.0809209106055535,6.00464976669427,0.35594181048290074,0.6804571179671424,0.0
giacomo-satalino,P,Sassuolo,4.0,4.0,3.0,0,5.052600188678208,6.150856989904633,8.482715095839974e-05,0.0005141147508097323,1.3967137946767658
tiago-djalo,D,Porto,18.0,18.0,17.0,0,5.936548154523167,5.91521047271007,0.17488460965070357,0.22088617540363908,0.0
tommaso-milanese,C,Carrarese,19.0,19.0,11.0,0,5.723158150320588,5.649216842497723,0.1880104306683578,1.0638304918975976,0.0
suat-serdar,C,Hellas Verona,22.0,22.0,16.0,0,6.056716809853451,5.857878334910308,2.139162338703503,1.8751955480769065,0.0
matteo-bianchetti,D,Cremonese,29.0,29.0,29.0,1,5.710030212864566,5.598065825992165,0.9328914136950265,2.0906309687563773,0.0
yunus-musah,C,Milan,23.0,23.0,18.0,0,6.024490870974336,5.846961232733861,0.06316819482440651,3.3676323406587665,0.0
dodo,D,Fiorentina,30.0,30.0,22.0,1,6.195726341742134,5.905244845438201,0.11190049179595052,7.199383750079578,0.0
matteo-cancellieri,A,Parma,21.0,21.0,11.0,0,6.190496915618878,5.746307256383653,4.821609268720282,1.598592832104012,0.0
thijs-dallinga,A,Bologna,22.0,22.0,16.0,0,6.435735666786313,5.951534441285393,5.024679438087214,2.254353928361285,0.0
michele-collocolo,C,Cremonese,31.0,31.0,27.0,1,6.395123141230664,5.725171233484855,7.798733343414578,3.0222148417838137,0.0
albert-gumundsson,A,Fiorentina,28.0,28.0,24.0,1,7.02446080210067,6.045332348759704,9.777709550938784,1.7266803179729282,0.0
mohamed-fares,D,Panserraikos,22.0,22.0,13.0,0,6.131771915685373,5.845752638315239,1.3476649865079242,4.281019722678226,0.0
samuel-chukwueze,C,Milan,17.0,17.0,13.0,0,6.418623992459194,6.014271150533431,3.2263175884392608,2.502602410222164,0.0
martin-frese,D,Hellas Verona,14.0,14.0,13.0,0,5.876595453437679,5.79524987549581,0.19727743353704622,0.8366446609053941,0.0
francesco-acerbi,D,Inter,26.0,26.0,25.0,1,5.85074045988243,5.8099857305330245,0.03164442017801673,0.8655885915730729,0.0
simone-perilli,P,Hellas Verona,2.0,2.0,1.0,0,6.0,6.0,2.8338460885494833e-05,0.00016026619506549834,0.7343516903406258
danilo-cataldi,C,Fiorentina,24.0,24.0,21.0,1,6.021027088036625,5.862193938497144,2.786494106178301,0.5910439945199258,0.0
ivan-ilic,C,Torino,23.0,23.0,18.0,0,6.333031885756856,6.041969018674082,2.500690993394667,3.3712136382353446,0.0
matthias-braunoder,C,Como,17.0,17.0,9.0,0,5.780944763967416,5.663414986782687,0.6166082208570561,1.2829238723024017,0.0
mile-svilar,P,Roma,20.0,20.0,18.0,0,5.043565108554126,6.174486072002896,0.0005403803502923655,0.002574295798274934,6.709557477148551
martin-payero,C,Udinese,23.0,23.0,13.0,0,6.149835835341453,5.886823276864428,1.7411297645810766,3.701750243303595,0.0
mergim-vojvoda,D,Como,36.0,36.0,18.0,0,6.083669608473311,5.873721623344547,2.226786837546105,4.426378235425503,0.0
stefano-turati,P,Monza,33.0,33.0,33.0,1,4.675528599511559,6.245179466765948,0.00016606533758899912,0.002927328554059931,4.640021811132086
federico-bonazzoli,A,Cremonese,24.0,24.0,13.0,0,7.1407499046933305,5.941276981367201,9.37616438138097,4.318763444832439,0.0
dailon-rocha-livramento,A,Hellas Verona,24.0,24.0,8.0,0,6.109185858001784,5.770817719642858,3.2260158016258753,3.5420972265979245,0.0
matias-soule,A,Roma,22.0,22.0,16.0,0,6.980143748719742,6.1576230841163895,5.400092425757568,7.585687693779069,0.0
tommaso-corazza,D,Salernitana,10.0,10.0,5.0,0,6.386723344904817,5.876743839150055,1.1719258953015401,3.440395186371948,0.0
lorenzo-montipo,P,Hellas Verona,37.0,37.0,37.0,1,4.787495968111946,6.258942893238462,0.00018518989809896582,0.0012528530996234982,10.535129126056443
emil-holm,D,Bologna,14.0,14.0,10.0,0,6.049397613839065,5.944581540691779,0.9419793659619352,0.6005845130591552,0.0
matteo-gabbia,D,Milan,20.0,20.0,14.0,0,5.954179524873562,5.810338882070558,2.158146457528602,0.6053135807269924,0.0
balthazar-pierret,C,Lecce,28.0,28.0,23.0,1,5.762962878844501,5.749308998159239,0.07846278468839735,0.2749567561910878,0.0
michael-folorunsho,C,Napoli,25.0,25.0,22.0,1,6.054206953355256,5.93849827181771,1.2512064120105078,1.533150093166064,0.0
mattia-valoti,C,Cremonese,11.0,11.0,7.0,0,6.201574645180353,5.700868294657965,3.4856668185544146,0.9525304970452336,0.0
gabriel-charpentier,A,Parma,9.0,9.0,1.0,0,6.902617756777872,6.043024632263844,2.730133093706675,3.9382154727197434,0.0
mikael-ellertsson,C,Venezia,27.0,27.0,17.0,0,6.129004261210042,5.8822338505173795,2.398113267875074,3.473504027276846,0.0
edgaras-dubickas,C,Juve Stabia,8.0,8.0,1.0,0,6.054004942028969,5.903845803301747,0.5691680558855866,0.6516832599553316,0.0
devyne-rensch,D,Roma,24.0,24.0,21.0,1,6.206616032917137,6.030021464896972,1.0025518275782164,2.8617538625041696,0.0
jayden-braaf,A,Salernitana,14.0,14.0,6.0,0,6.360923750583939,5.871625625110896,3.8916373017201558,1.3748010657338854,0.0
rolando-mandragora,C,Fiorentina,26.0,26.0,21.0,1,6.385890838929457,5.95787061290332,4.1455686193782535,4.471582693577931,0.0
antonino-gallo,D,Lecce,31.0,31.0,30.0,1,5.953268763667919,5.860080724289704,0.08013501032139049,2.3627787738319026,0.0
emil-bohinen,C,Frosinone,7.0,7.0,7.0,0,6.179256030837763,5.897209444324959,1.237937043449326,0.7793346358203364,0.0
niccolo-pisilli,C,Roma,17.0,17.0,3.0,0,6.599700630453679,6.035925151132035,2.9895095640791154,5.114646934618754,0.0
luka-lochoshvili,D,Nürnberg,14.0,14.0,9.0,0,5.895562602718186,5.854459478157482,0.2027206693711783,0.36392104441745,0.0
luka-lochoshvili,D,Salernitana,24.0,24.0,20.0,1,5.836642236808454,5.813499876484714,0.08887363455504974,0.41331897935623735,0.0
daniel-oyegoke,D,Hearts,18.0,18.0,11.0,0,5.906250029413235,5.806017367128414,1.3130383943769761,0.5717294913934722,0.0
gabriele-zappa,D,Cagliari,33.0,33.0,29.0,1,5.940433249778956,5.813709847428786,2.227026109454748,1.612550478857003,0.0
noah-okafor,A,Napoli,19.0,19.0,10.0,0,6.6691865609170655,6.019809055186918,6.046631300900856,1.1589962266050065,0.0
saud-abdulhamid,D,Roma,20.0,20.0,19.0,1,5.974849527550187,5.827525398477965,0.50065398065939,2.152246813540334,0.0
junior-ajayi,A,Hellas Verona,3.0,3.0,0.0,0,6.0,6.0,0.4374841809375923,0.2547765913621632,0.0
fellipe-jack,D,Como,2.0,2.0,2.0,0,6.0,6.0,0.011832341987899416,0.028247314671996246,0.0
matteo-palma,D,Udinese,0.0,0.0,0.0,0,6.0,6.0,0.0,0.0,0.0
danilo-veiga,D,Lecce,23.0,23.0,16.0,0,5.8771242815057985,5.732024609691396,0.28143470587629144,2.6179958389722855,0.0
hakan-calhanoglu,C,Inter,30.0,30.0,27.0,1,7.038569818599719,6.243371371085874,6.475773603361302,9.589292990576794,0.0
antonio-raimondo,A,Salernitana,13.0,13.0,6.0,0,6.302927881519612,5.959449215791986,3.0327410141355293,0.7858644689625007,0.0
jonathan-david,A,Lille,33.0,33.0,30.0,1,8.370977749012495,6.225786075647136,19.422046249165742,5.453934719577288,0.0
dele-alli,C,Como,4.0,4.0,3.0,0,6.10040251211208,5.845422920982044,0.8127752041710511,0.32641609981001796,0.0
nahuel-estevez,C,Parma,27.0,27.0,22.0,1,5.903928986771202,5.743880987574547,2.0466357194336386,1.9356923510794972,0.0
ebrima-darboe,C,Frosinone,23.0,23.0,13.0,0,6.198886771088763,5.912604687483986,3.4152005361207114,1.9641600497497276,0.0
daniele-padelli,P,Udinese,19.0,19.0,11.0,0,4.997866358726244,6.239194669258039,9.561337562659388e-05,0.0013910928954559841,3.8398088935260413
alphadjo-cisse,C,Hellas Verona,1.0,1.0,0.0,0,6.0,6.0,0.03270279471924421,0.04192760292204242,0.0
stefan-de-vrij,D,Inter,24.0,24.0,22.0,1,6.147960073769362,5.989725749619621,2.9505837251950244,0.3486311638776591,0.0
saul-coco,D,Torino,31.0,31.0,30.0,1,5.92892843798194,5.8628402959382795,1.8937144344945038,0.2088791425044363,0.0
david-okereke,A,Gaziantep FK,26.0,26.0,20.0,1,7.137124127700709,5.921642172118838,10.192766562714095,3.6944285807732724,0.0
alessio-zerbin,C,Venezia,20.0,20.0,10.0,0,6.026391963761112,5.806909040474598,2.094176286586886,1.9391766527856862,0.0
morten-thorsby,C,Genoa,25.0,25.0,14.0,0,6.049909500035662,5.955626391146473,0.07324852420316752,1.9235405735329762,0.0
mateusz-kowalski,A,Parma,0.0,0.0,0.0,0,6.0,6.0,0.0,0.0,0.0
alessandro-marcandalli,D,Venezia,27.0,27.0,26.0,1,5.786481118738362,5.748376393789336,0.5568692616120767,0.5163633357806984,0.0
leonardo-pavoletti,A,Cagliari,24.0,24.0,21.0,1,6.504790964285433,5.879813354304825,6.734951090772444,1.4716291119586182,0.0
pervis-estupinan,D,Brighton,27.0,27.0,26.0,1,5.891790118059146,5.777040587668411,0.9526073641467663,1.9512691107463613,0.0
stephan-el-shaarawy,C,Roma,23.0,23.0,15.0,0,6.742292851767493,6.016685750905564,6.071971057548944,4.71757639890405,0.0
arthur-atta,C,Udinese,20.0,20.0,6.0,0,5.9839585004691385,5.9152493484741875,0.06180179715142102,1.1109005150769047,0.0
duvan-zapata,A,Torino,33.0,33.0,30.0,1,7.3965668589550635,5.921353464100273,13.897058823529411,3.960661764705882,0.0
dimitrije-kamenovic,D,Yverdon-Sport,9.0,9.0,5.0,0,5.501045805288573,5.469393140727087,0.04765089135618006,0.21106181647036187,0.0
nicholas-bonfanti,A,Bari,25.0,25.0,13.0,0,6.540619111998517,5.7740221921687125,7.44849710844054,2.7968827628637483,0.0
adam-marusic,D,Lazio,31.0,31.0,29.0,1,5.880043857646794,5.740318610154745,2.9331935936090128,0.8184030481212878,0.0
josip-brekalo,A,Kasımpaşa,22.0,22.0,12.0,0,6.797278117267129,5.9875332257329115,6.3126506296471,5.006475194390765,0.0
giuseppe-ciocci,P,Cagliari,0.0,0.0,0.0,0,6.0,6.0,0.0,0.0,0.0
alessandro-bianco,C,Fiorentina,25.0,25.0,17.0,0,6.049515132777286,5.958011054753144,0.7639082059531942,1.4189988339683017,0.0
stefano-gori,P,Spezia,27.0,27.0,27.0,1,4.903218017150868,6.1876940047852225,0.0001358716405925562,0.0049404931773904415,14.02638250269046
andrea-belotti,A,Benfica,22.0,22.0,12.0,0,6.681363548400348,5.908864661742896,7.291566527534115,1.4745237760464671,0.0
matteo-prati,C,Cagliari,22.0,22.0,16.0,0,5.9578977308994565,5.84843944323228,1.0040567951318458,1.335395537525355,0.0
mattia-zaccagni,C,Lazio,32.0,32.0,30.0,1,7.2302220459478095,6.284121089887724,8.725597182736765,7.8466359486075525,0.0
simone-canestrelli,D,Pisa,28.0,28.0,23.0,1,6.152570420337187,5.916973201641784,3.1331983043647744,2.4130734898888564,0.0
kenan-yldz,A,Juventus,24.0,24.0,13.0,0,7.401252693744034,6.240813689340328,7.878494456673164,8.665993217479226,0.0
gianluca-saro,P,Cremonese,2.0,2.0,2.0,0,6.0,6.0,1.006456593066943e-05,0.00017732230218824426,0.5928241230345033
scott-mctominay,C,Napoli,30.0,30.0,19.0,1,7.533385543084144,6.1722277411608175,11.888943265476517,5.017653360305227,0.0
federico-ceccherini,D,Cremonese,16.0,16.0,14.0,0,5.86247884733614,5.777505507343554,0.8176210956152444,0.6058395155351368,0.0
guillermo-maripan,D,Torino,25.0,25.0,24.0,1,5.868700734506532,5.806971916654098,1.0833441052828983,0.5504444286148235,0.0
valentin-castellanos,A,Lazio,29.0,29.0,26.0,1,7.2343520593342765,5.998535156167396,10.63833026243684,5.570069595844465,0.0
riccardo-ciervo,C,Cosenza,24.0,24.0,12.0,0,6.371517667695152,5.988113667578623,1.4337788117348331,6.627006377887656,0.0
ismael-bennacer,C,Marseille,27.0,27.0,23.0,1,6.278911360456436,6.121974096067825,0.18068756428319382,3.4284978655386538,0.0
iker-bravo,A,Udinese,17.0,17.0,6.0,0,6.434907930441806,5.9801379993051444,4.424528472954839,1.0961525505366885,0.0
luca-mazzitelli,C,Sassuolo,22.0,22.0,20.0,1,6.118160712198039,5.971111676858534,0.7196425196304694,2.2407896574666863,0.0
orir-johann-helgason,C,Lecce,17.0,17.0,9.0,0,6.463240045216322,5.933245349314612,0.7936291778682489,6.998993278658529,0.0
henrikh-mkhitaryan,C,Inter,31.0,31.0,28.0,1,6.228479412091089,5.940635241901337,1.329234580663705,6.489801816012332,0.0
leonardo-sernicola,D,Pisa,28.0,28.0,21.0,1,6.0968354646384455,5.863743101520013,3.694770888461729,1.450877525580768,0.0
adam-masina,D,Torino,18.0,18.0,13.0,0,6.132404897336379,5.939873839328157,1.1075583829203182,2.132424294986498,0.0
sam-beukema,D,Bologna,28.0,28.0,28.0,1,6.03037007292414,5.961106230446536,0.11207885920501483,1.5534005220666443,0.0
billy-gilmour,C,Napoli,18.0,18.0,11.0,0,6.13771432997061,5.9232508941330275,0.04757272115512544,3.190661987913193,0.0
marco-brescianini,C,Atalanta,22.0,22.0,18.0,0,6.335690203074838,6.034411991282675,3.2430085595867344,2.271989498549334,0.0
leandro-paredes,C,Roma,21.0,21.0,17.0,0,6.163398656684478,5.874450799567947,3.457892212403995,1.464615054408992,0.0
nicolo-savona,D,Juventus,25.0,25.0,20.0,1,6.166437155889763,6.013823969667718,2.4925426759883926,0.9823049833473111,0.0
lautaro-gianetti,D,Udinese,14.0,14.0,12.0,0,5.849174310299571,5.768592481934748,1.0094756695239853,0.2644475300459976,0.0
paulo-dybala,A,Roma,24.0,24.0,20.0,1,7.548631831263201,6.341607076897819,8.705401044436861,6.827446974477708,0.0
jesper-karlstrom,C,Udinese,34.0,34.0,32.0,1,5.895665578555648,5.819542992135402,0.0722352106147064,2.1166869498606338,0.0
alessandro-di-pardo,D,Modena,19.0,19.0,11.0,0,6.013462263754369,5.736056605829242,2.6019071773775977,2.054185955891783,0.0
cas-odenthal,D,Sassuolo,26.0,26.0,24.0,1,5.867871164727392,5.795079631647465,1.2364054384061274,0.7125380396615131,0.0
riccardo-orsolini,C,Bologna,27.0,27.0,23.0,1,8.162330816250776,6.123340204666032,15.024042744733626,5.079452084261044,0.0
romano-floriani-mussolini,D,Juve Stabia,26.0,26.0,26.0,1,6.046998050432582,5.904664547420421,1.0200106405597036,2.3997694158737355,0.0
henrik-meister,A,Rennes,16.0,16.0,6.0,0,6.516690557324242,5.922140129837518,5.105960376460987,1.120777459970247,0.0
pietro-terracciano,P,Fiorentina,32.0,32.0,32.0,1,4.805069413827687,6.07448989726283,0.0,0.0,7.757575757575758
stanislav-lobotka,C,Napoli,33.0,33.0,33.0,1,6.0286302587372855,5.9758300500582076,0.0658012717974032,1.4155073801983384,0.0
raoul-bellanova,D,Atalanta,27.0,27.0,18.0,0,6.560698866254805,6.046299316282709,0.05635695024762746,11.542790166309382,0.0
kevin-de-bruyne,C,Manchester City,24.0,24.0,23.0,1,6.989965952760705,6.286926846027335,4.023910360467347,9.486242501717504,0.0
nicolo-rovella,C,Lazio,28.0,28.0,20.0,1,6.264838108664961,6.129419240938332,0.0716208064834255,3.120000135507783,0.0
mario-pasalic,C,Atalanta,31.0,31.0,21.0,1,6.5807423228497175,6.103647955503531,4.63636840800629,6.544467322843198,0.0
perr-schuurs,D,Torino,26.0,26.0,24.0,1,6.206130373497413,6.085322972319953,0.0,2.6174936921783014,0.0
daniel-mikolajewski,A,Parma,12.0,12.0,2.0,0,6.508315352662627,5.92110188838649,2.7983734068216712,3.2701633420344702,0.0
lorenzo-de-silvestri,D,Bologna,19.0,19.0,14.0,0,5.9145460359467625,5.7419094637503125,2.1171810721935604,0.9883890511089334,0.0
jordan-zemura,D,Udinese,20.0,20.0,13.0,0,6.120495595537713,5.895959207012579,1.3730863006327687,2.756689965956104,0.0
oliver-provstgaard,D,Lazio,15.0,15.0,14.0,0,6.222470630302225,6.186405327749936,0.14454866867860686,0.36934407328297375,0.0
ruben-loftus-cheek,C,Milan,22.0,22.0,18.0,0,6.096016730109856,5.9209459990901205,2.2463959292268467,1.3144124781535846,0.0
remi-oudin,C,Sampdoria,19.0,19.0,15.0,0,6.077684867105983,5.864682324004961,1.7527648369458,2.02134816850912,0.0
goncalo-esteves,D,Yverdon-Sport,9.0,9.0,4.0,0,5.95429295137946,5.913268172553514,0.04961213437645261,0.2802578694091121,0.0
juan-miranda,D,Bologna,28.0,28.0,21.0,1,6.396096220550322,5.967738866006841,0.05238303069010383,9.966028715097444,0.0
pasquale-mazzocchi,D,Napoli,19.0,19.0,11.0,0,6.0444459508083375,5.897574918107695,0.18018391992593835,2.223163836155646,0.0
ali-dembele,D,Torino,9.0,9.0,3.0,0,6.257456065614462,5.9320812886817835,2.447499042885692,0.29999594232224697,0.0
santiago-pierotti,A,Lecce,22.0,22.0,7.0,0,6.823661803156677,5.903390385209495,6.473586156353645,6.5870963343290505,0.0
emanuele-valeri,D,Parma,30.0,30.0,29.0,1,6.339573970020199,5.972200740256067,1.7575517204624271,7.828243356605381,0.0
emanuel-vignato,A,Pisa,15.0,15.0,7.0,0,6.124356425208496,5.870476352951554,0.5747221540528579,2.8203241323416255,0.0
mateusz-praszelik,C,Cracovia,13.0,13.0,7.0,0,6.027840391575646,5.981101030232557,0.021256056972421663,0.4946595134104937,0.0
mateusz-praszelik,C,Südtirol,21.0,21.0,11.0,0,6.133642638132659,5.96536128466968,1.2113467899249177,2.1018981518646056,0.0
alexis-saelemaekers,C,Milan,24.0,24.0,17.0,0,6.562756661262011,5.974151595009977,5.522261452640588,3.982783937734765,0.0
santiago-castro,A,Bologna,25.0,25.0,14.0,0,7.5118403382325285,6.03056837977164,10.105750239839038,8.539524869251478,0.0
lewis-ferguson,C,Bologna,28.0,28.0,26.0,1,6.736682007709464,6.201285896446979,6.599192296219242,1.853761061946903,0.0
federico-bernardeschi,D,Juventus,25.0,25.0,15.0,0,6.07212662486971,5.829094213657681,1.165397915211196,4.259260748683514,0.0
alen-sherri,P,Cagliari,6.0,6.0,6.0,0,4.596715257453485,5.979613632038897,3.0193697748535796e-05,0.0007630467268708984,1.312261117027699
ylber-ramadani,C,Lecce,32.0,32.0,30.0,1,5.937365621008595,5.83180197405646,1.4665430478472137,1.7435414844160722,0.0
juan-david-cabal,D,Juventus,13.0,13.0,10.0,0,5.888515986615468,5.837829246431763,0.0036868955804148775,0.5470870794395525,0.0
adrian-semper,P,Pisa,23.0,23.0,22.0,1,5.488949066834393,6.4226269473630255,0.00012760585572257343,0.0022230390630750274,7.307296617805536
pierluigi-gollini,P,Roma,18.0,18.0,15.0,0,5.022746976743296,6.052186930585855,0.00011540701812010615,0.000877178894689136,6.109097238388834
sana-fernandes,C,NAC Breda,12.0,12.0,4.0,0,6.399418921910893,6.1977862233961565,1.8726144993307314,0.5403717352051087,0.0
che-adams,A,Torino,32.0,32.0,26.0,1,7.010139931655611,5.883058734926427,10.883461451929538,4.84235585868045,0.0
lloyd-kelly,D,Juventus,22.0,22.0,17.0,0,5.734951464514263,5.697164089893231,0.12553870004968767,0.6222836380848499,0.0
luis-henrique,D,Marseille,25.0,25.0,16.0,0,7.0919486983972195,5.905722508708645,8.42238033948097,8.366839461660676,0.0
antoine-makoumbou,C,Cagliari,32.0,32.0,30.0,1,5.787310646650368,5.720953436439567,0.2905452859687282,1.6008555372556983,0.0
koni-de-winter,D,Genoa,23.0,23.0,18.0,0,5.926156871415633,5.7893937666249045,2.5406529249390686,0.36267934082253467,0.0
junior-messias,C,Genoa,26.0,26.0,22.0,1,6.172093036312538,5.9301068246238975,2.8184895803269456,2.6132556124034334,0.0
morten-frendrup,C,Genoa,36.0,36.0,35.0,1,6.201074195453224,6.100560021661337,2.208693968372936,1.1646138441978582,0.0
mandela-keita,C,Parma,25.0,25.0,19.0,1,5.915943044553975,5.792941963770484,0.08614678363426923,2.514540573724547,0.0
carlo-pinsoglio,P,Juventus,3.0,3.0,1.0,0,6.0,6.0,1.5096848817354504e-05,0.0010298193435976791,1.0821322967737916
lautaro-martinez,A,Inter,33.0,33.0,30.0,1,8.058036014375311,6.411420333079032,14.774425055789727,5.405438284896353,0.0
charles-pickel,D,Cremonese,28.0,28.0,22.0,1,5.829118759809694,5.705340642013152,2.4858708683476847,0.6994808832930092,0.0
patric,D,Lazio,14.0,14.0,13.0,0,5.872725274629501,5.826164965622681,0.7263828009860577,0.0832204638527314,0.0
luca-dandrea,C,Sassuolo,9.0,9.0,4.0,0,6.114171247454997,5.988237133384366,0.36627916473074124,0.7286043178422005,0.0
christos-mandas,P,Lazio,13.0,13.0,13.0,0,5.479111988617987,6.2390298330454925,6.54196783618861e-05,0.00337172697399723,3.540008407800323
maxence-caqueret,C,Como,29.0,29.0,25.0,1,6.315984718760918,5.997454702280026,3.1379108804610203,4.606529386565136,0.0
antoine-joujou,C,Le Havre,17.0,17.0,6.0,0,6.304184309490127,5.972957325914498,0.24865736759010973,4.549244593389176,0.0
leonardo-loria,P,Pisa,3.0,3.0,2.0,0,6.0,6.0,4.25076908851486e-05,0.00010817722198576837,0.7165286003257607
yayah-kallon,A,Salernitana,12.0,12.0,6.0,0,6.078471993219513,5.885797170490296,1.586230763230201,0.7413795579303821,0.0
giovanni-fabbian,C,Bologna,23.0,23.0,17.0,0,6.448731710113089,6.1384959916741835,3.771368370412126,1.825527333249751,0.0
michel-aebischer,C,Bologna,19.0,19.0,15.0,0,6.0026961570850546,5.913718164716957,0.5779038069039171,1.053461593439517,0.0
alex-jimenez,D,Milan,17.0,17.0,7.0,0,5.929952218418308,5.743802745922171,0.025492494737027166,2.623093240681955,0.0
yannik-engelhardt,C,Como,20.0,20.0,17.0,0,5.996283285303597,5.824482204275107,1.586497994237717,1.6777235065079223,0.0
thomas-kristensen,D,Udinese,24.0,24.0,21.0,1,5.81375538425055,5.751875240428501,1.2427965610769998,0.36745637946518517,0.0
uros-racic,C,Braga,23.0,23.0,11.0,0,6.354590630273722,5.958718184625173,4.069625980670548,2.9281603229387763,0.0
jeff-ekhator,A,Genoa,17.0,17.0,7.0,0,6.217479746717087,5.886153720171494,2.906983991425455,1.9399213508416497,0.0
kevin-bonifazi,D,Lecce,10.0,10.0,8.0,0,5.747822284808143,5.707787260417542,0.2856987198586133,0.1679307197761424,0.0
cesare-casadei,C,Torino,22.0,22.0,18.0,0,6.080036562060465,5.88956417672463,1.7566410672113242,2.1368381796954603,0.0
mike-maignan,P,Milan,27.0,27.0,26.0,1,5.059914633819347,6.167785311012846,0.00014260891458622434,0.07931344837352132,8.817817490066975
nikola-moro,C,Bologna,19.0,19.0,15.0,0,6.236526032536586,6.051777715810758,0.14951984601960958,2.8408224688467287,0.0
malick-thiaw,D,Milan,21.0,21.0,18.0,0,5.872529944374581,5.858584037848433,0.013506165346483155,0.23664132937866197,0.0
