slug,role,team_name_short,presenze_pred,starts_pred,presenze_pred,titolare_pred,fmv_pred,mv_pred,gf_pred,assist_pred,clean_sheet_pred
tete-morente,C,Lecce,30.0,23.0,30.0,1,6.204217183325085,5.940688880048627,3.1906069198476463,2.6786014724560214,0.0
lucas-da-cunha,C,Como,35.0,29.0,35.0,1,6.353536469257807,6.082589300667015,2.478785933786369,2.7519928478381552,0.0
cesar-falletti,A,Bari,27.0,19.0,27.0,1,6.277641271086922,6.021304548603503,1.2447857296630658,3.632953610214634,0.0
valentino-lazaro,D,Torino,31.0,25.0,31.0,1,6.39119471535609,5.9487643194531685,0.005636624062226504,6.763765281099339,0.0
nico-paz,C,Como,33.0,29.0,33.0,1,7.00358763876196,6.253148691914945,4.497854556363893,8.151127245934976,0.0
weston-mckennie,C,Juventus,31.0,27.0,31.0,1,6.32097666177819,6.053807021771656,2.1665616673832613,4.406328465453407,0.0
antonin-barak,C,Fiorentina,28.0,22.0,28.0,1,6.092910042208703,5.99208417218396,2.3337039215605557,0.33190063244299567,0.0
manuel-lazzari,D,Lazio,22.0,16.0,22.0,0,5.962785900124764,5.87417849820752,0.001705885724919852,1.4621478444531741,0.0
francesco-pio-esposito,A,Spezia,35.0,32.0,35.0,1,7.779630582918351,6.025305414692064,12.907765012131517,1.7377410756537435,0.0
nicolo-bertola,D,Spezia,28.0,22.0,28.0,1,6.349973489178298,6.054394094982944,2.729632607341403,0.8155405474927911,0.0
lorenzo-colombo,A,Empoli,36.0,25.0,36.0,1,6.525387876900555,5.965040268530542,5.134269852120191,1.3791206283353383,0.0
francesco-folino,D,Cremonese,7.0,3.0,7.0,0,5.988375346318171,5.807102182167013,2.958050794869325,0.09888970357220532,0.0
walid-cheddira,A,Frosinone,31.0,24.0,31.0,1,6.713162528559811,6.038510362417107,7.414313521056105,1.418250306834979,0.0
frank-tsadjout,A,Cremonese,18.0,14.0,18.0,0,6.259696576934052,5.9049162922474485,3.6089680138049585,1.908153010682934,0.0
oumar-solet,D,Udinese,19.0,19.0,19.0,1,6.177747613279511,6.078837016548378,1.0512554276416872,1.064185933935318,0.0
jacopo-fazzini,C,Empoli,20.0,16.0,20.0,0,6.323814450970923,5.89864634363087,3.6207984409858605,1.1218993782196531,0.0
mattia-bani,D,Genoa,20.0,20.0,20.0,1,5.900667896392775,5.89602117952519,0.01036114930750388,0.09651729287882005,0.0
mattia-aramu,A,Mantova,25.0,11.0,25.0,0,6.494713769713272,6.055664153668004,2.8430874459000637,4.576917296097867,0.0
andrea-pinamonti,A,Genoa,36.0,33.0,36.0,1,6.782553476650947,5.907734685899992,9.283108848852786,1.1612254150378918,0.0
ivan-smolcic,D,Como,9.0,6.0,9.0,0,5.96964413636384,5.879127984366285,0.7859183841615909,1.064337172525443,0.0
pontus-almqvist,A,Parma,26.0,10.0,26.0,0,6.073018534808667,5.92439090177237,1.2542773855741969,1.2344745213022896,0.0
daniel-mosquera,A,Hellas Verona,35.0,12.0,35.0,0,6.7014053937679,6.020122213264543,5.396635851184256,1.115546674198642,0.0
kevin-lasagna,A,Bari,34.0,25.0,34.0,1,6.529710288126903,5.860158162207732,6.148512032020157,0.22566255813181532,0.0
fabiano-parisi,D,Fiorentina,20.0,12.0,20.0,0,5.940109539688286,5.855349342342046,1.8376682230933477,0.1756479889708048,0.0
antonio-sanabria,A,Torino,22.0,17.0,22.0,0,6.397821405445587,6.048938584391806,4.530825451235728,1.6024840767285435,0.0
marco-sala,D,Como,29.0,20.0,29.0,1,5.878868321646532,5.845808118081257,0.002857391453111688,0.47300406149187735,0.0
stefano-sabelli,D,Genoa,30.0,23.0,30.0,1,5.964318586693716,5.875484232874697,0.0050350768242531695,2.017885745754316,0.0
anass-salah-eddine,D,Roma,3.0,2.0,3.0,0,6.381197655442513,5.96720807692276,2.031373465260754,3.83277918781541,0.0
mathis-lambourde,A,Hellas Verona,7.0,0.0,7.0,0,6.0,6.0,0.9972844011755067,0.0038072526415024485,0.0
albert-grnbk,C,AGF,31.0,22.0,31.0,1,6.470759072911952,6.05788954476886,3.5639670947684796,3.501996114979178,0.0
warren-bondo,C,Milan,21.0,4.0,21.0,0,5.875642291094606,5.868970116638575,0.064301028310189,0.0635667282420555,0.0
boris-radunovic,P,Bari,37.0,37.0,37.0,1,4.9092334137699645,6.183961064526508,0.00016144199360398757,0.00010443215103161799,11.091618015210914
kristjan-asllani,C,Empoli,18.0,14.0,18.0,0,6.0701346015069015,5.917414789925403,0.9375081341481156,1.2942470890896263,0.0
martin-erlic,D,Sassuolo,32.0,31.0,32.0,1,5.793962015568102,5.765794301970246,0.9572649770920729,0.012550055907482484,0.0
tommaso-baldanzi,C,Roma,24.0,7.0,24.0,0,6.206011501283071,6.040956741073241,2.212832212057526,0.08842810122396434,0.0
alberto-cerri,A,Salernitana,18.0,17.0,18.0,0,6.2349839342262925,5.983275591472022,3.9537414823409787,0.31411690063564845,0.0
alberto-moreno,D,Como,23.0,21.0,23.0,1,5.868635182809493,5.836507474619456,0.00475913570378366,0.42304001864169716,0.0
josep-martinez,P,Genoa,36.0,35.0,36.0,1,4.991376229378871,6.170731100239246,0.00031605093227519645,0.0015734674356799258,8.173393153810766
fisayo-dele-bashiru,C,Hatayspor,36.0,31.0,36.0,1,6.735830738212848,6.056278054771978,5.850611335096893,1.9905777614800217,0.0
alessandro-circati,D,Parma,29.0,28.0,29.0,1,5.853381400069511,5.823766321405661,1.0163745044156023,0.011801518109739733,0.0
isak-hien,D,Atalanta,29.0,27.0,29.0,1,5.950316212121842,5.948058806345918,0.005826699112801558,0.043676848736227,0.0
vakoun-issouf-bayo,A,Watford,39.0,25.0,39.0,1,7.152422859556474,6.005052626699841,9.685264034715708,0.4237027286429902,0.0
lorenzo-amatucci,C,Salernitana,36.0,33.0,36.0,1,6.130383041319498,5.934156982129117,2.5957624297017383,1.3714451469110673,0.0
daniele-rugani,D,Juventus,14.0,13.0,14.0,0,6.114892865294965,5.98359660779435,1.8528035889454022,0.09713051088124376,0.0
patrizio-masini,C,Genoa,18.0,16.0,18.0,0,6.064538108475915,6.008043074118669,1.1424580440228453,0.11183008334321688,0.0
bryan-cristante,C,Roma,28.0,24.0,28.0,1,6.140328944068768,5.959740401717856,3.7189040562654707,0.8994322202896484,0.0
konan-ndri,D,Lecce,11.0,2.0,11.0,0,6.093721049989326,5.93579474317386,1.7170410724511849,1.230840162291755,0.0
neil-el-aynaoui,C,Lens,24.0,17.0,24.0,0,7.030070925018533,5.962447751141846,7.572611983086195,1.199016688648944,0.0
alessandro-gabrielloni,A,Como,37.0,23.0,37.0,1,7.289583792084253,6.148063525394722,8.855725405741282,2.6854438940611485,0.0
federico-gatti,D,Juventus,28.0,25.0,28.0,1,5.985958953383136,5.9499687425491325,0.8694848027329185,0.059400868477900555,0.0
christian-fruchtl,P,Austria Wien,29.0,29.0,29.0,1,4.94918155651865,6.183004869115076,7.812858682183278e-05,5.140815788695061e-05,7.534961842022794
tiago-gabriel,D,Lecce,2.0,0.0,2.0,0,6.11241928676176,6.052712416949014,0.8676295852465469,0.03000257994888053,0.0
francesco-camarda,A,Milan,6.0,1.0,6.0,0,6.0,6.0,0.003151078348447677,0.0019852807573393647,0.0
hassane-kamara,D,Udinese,30.0,25.0,30.0,1,6.1176247871782,5.923194126802337,1.1070401393472014,3.5287916773891568,0.0
ali-jasim,A,Almere City,11.0,4.0,11.0,0,6.174557034823178,5.985459454217962,1.0790511372360747,0.04959488740997673,0.0
giacomo-quagliata,D,Catanzaro,15.0,14.0,15.0,0,6.175264864682798,5.80322093780715,1.7172854437093172,5.643966089108569,0.0
christian-pulisic,C,Milan,34.0,28.0,34.0,1,8.168856785918265,6.383360678647983,10.44431312846179,8.89890313753442,0.0
roberto-piccoli,A,Cagliari,37.0,35.0,37.0,1,6.6842001934814785,5.925941353849071,7.950008852184457,0.8640590543325691,0.0
pablo-rodriguez,A,Lech Poznań,34.0,27.0,34.0,1,4.853093656009839,3.918233812198787,6.241282259411248,1.968205060275851,0.0
giorgio-scalvini,D,Atalanta,33.0,29.0,33.0,1,6.154741943804648,5.97540042666489,1.0002899012460411,2.438073047451436,0.0
marco-palestra,D,Atalanta,3.0,2.0,3.0,0,6.0,6.0,0.03335706242902191,0.009545562146125189,0.0
odilon-kossounou,D,Atalanta,17.0,12.0,17.0,0,5.948788095821403,5.9476191671727365,0.007592840142649931,0.012569091191548448,0.0
rafael-leao,A,Milan,34.0,25.0,34.0,1,7.520418296246406,6.3079924267248035,8.387803414319805,11.160214829824843,0.0
dennis-man,C,Parma,32.0,23.0,32.0,1,6.6126620668411915,6.061261314968531,3.9922678097160063,5.214262750896566,0.0
tomas-esteves,D,Pisa,29.0,25.0,29.0,1,6.216398643919612,5.92180856688957,1.070137627237941,2.9448343760995885,0.0
sebastian-walukiewicz,D,Torino,28.0,20.0,28.0,1,5.718999493048108,5.714613992873204,0.00196136474071008,0.07154741928408363,0.0
lazar-samardzic,C,Atalanta,28.0,8.0,28.0,0,6.329033957664794,6.0936665172888125,2.8671454449635494,1.3982052092201043,0.0
fabrizio-caligara,C,Ascoli,26.0,19.0,26.0,1,6.212835393326802,5.8428134370341995,4.980813441302628,0.4935550562369777,0.0
giovanni-di-lorenzo,D,Napoli,37.0,37.0,37.0,1,6.358229692576447,6.164311095795184,2.848728396320891,3.189094672521957,0.0
ibrahim-sulemana,C,Cagliari,19.0,16.0,19.0,0,5.970872133760191,5.806032799460012,2.3350298317466813,0.04314673598781282,0.0
stefan-mitrovic,A,OH Leuven,20.0,16.0,20.0,0,6.115204578071285,5.896053440206145,3.081192759302,1.6599721527151399,0.0
nicolas-gonzalez,A,Juventus,23.0,22.0,23.0,1,6.493051464821909,6.148796292085472,3.0248960604154584,2.0187590716961568,0.0
petar-sucic,C,Dinamo Zagreb,26.0,20.0,26.0,1,6.403003174336071,5.882497771970866,4.211654142530676,2.2781048107515063,0.0
boulaye-dia,A,Lazio,35.0,27.0,35.0,1,7.411284643703121,6.1554862275998765,8.963367989853207,5.96947737027136,0.0
andrea-cambiaso,D,Juventus,32.0,25.0,32.0,1,6.267612765577726,6.026803089137374,1.9167491350250891,3.5084794905128076,0.0
strahinja-pavlovic,D,Milan,22.0,22.0,22.0,1,6.117997692648607,5.9894226527754855,1.9818019292896105,0.871535296059024,0.0
yacine-adli,C,Fiorentina,22.0,15.0,22.0,0,6.517042937628767,6.027295589985401,3.3937475950931684,4.992084863261816,0.0
ivan-provedel,P,Lazio,29.0,30.0,29.0,1,4.89144515083408,6.197875738741235,0.0004983791084914478,0.00047827920271740777,9.719301775359822
brenner,A,Udinese,6.0,5.0,6.0,0,6.0,6.0,0.785161481488942,0.5749326988603154,0.0
giuseppe-ambrosino,A,Frosinone,36.0,26.0,36.0,1,6.6410743915513875,6.054226405550952,4.394315440944577,2.2708700752706994,0.0
gabriele-artistico,A,Juve Stabia,14.0,2.0,14.0,0,6.913559782398663,5.991279690290113,6.932837002272823,1.3269839234132992,0.0
marten-de-roon,C,Atalanta,36.0,34.0,36.0,1,6.402963854741393,6.080467250669993,3.338629090760012,5.160423477983612,0.0
marin-pongracic,D,Fiorentina,17.0,14.0,17.0,0,5.835608579568416,5.8335453387571565,0.011921973387125088,0.029300951528408312,0.0
davide-frattesi,C,Inter,23.0,11.0,23.0,0,6.421827090335295,6.038596187704137,5.343507000636159,1.8681057569579989,0.0
amir-richardson,C,Fiorentina,25.0,11.0,25.0,0,5.985533536332105,5.855167187096596,1.2839932370900775,1.3928817375058113,0.0
cyril-ngonge,A,Napoli,26.0,2.0,26.0,0,7.149507055053983,6.079046155047105,7.110729553812991,3.795749909921281,0.0
florian-thauvin,A,Udinese,24.0,23.0,24.0,1,7.125870012912436,6.05400120798552,7.301754082240646,3.5003413870132354,0.0
ignace-van-der-brempt,D,RB Salzburg,1.0,1.0,1.0,0,6.0073800291185595,5.909625307461528,0.004736159109180843,1.403027516383405,0.0
alexis-sanchez,A,Marseille,35.0,31.0,35.0,1,7.834022704179654,5.998258807702236,12.88448404009584,4.049063778430456,0.0
armand-lauriente,A,Sassuolo,33.0,29.0,33.0,1,8.225571483854095,6.073482776138078,15.975162234977113,6.942149887098325,0.0
robin-gosens,D,Fiorentina,32.0,27.0,32.0,1,6.645965994334399,6.066362815021105,4.343594988944038,4.02595043850077,0.0
kacper-urbanski,C,Monza,12.0,6.0,12.0,0,5.870817819893892,5.866167356579538,0.026401405894851338,0.004515923190413379,0.0
matteo-tramoni,A,Pisa,26.0,23.0,26.0,1,7.857847412022001,5.9117647909813575,11.512844034974181,3.990215920093703,0.0
charles-de-ketelaere,A,Atalanta,34.0,24.0,34.0,1,7.205966319204542,6.117295773777959,5.689848981032754,7.939077968571225,0.0
tijjani-noslin,A,Hellas Verona,18.0,17.0,18.0,0,6.912883023752516,6.140090550784416,6.265613067912091,4.174902884803068,0.0
elseid-hysaj,D,Lazio,20.0,11.0,20.0,0,5.733582519865296,5.729150158386056,0.0008725730191471976,0.07895204053545263,0.0
aaron-martin,D,Genoa,36.0,32.0,36.0,1,6.4037976505884595,5.991118621300425,0.0020579092374498026,7.049399351755695,0.0
josh-doig,D,Sassuolo,29.0,24.0,29.0,1,6.044712106452405,5.9155879625970265,0.9302968209330905,1.5295608886003453,0.0
samuele-mulattieri,A,Sassuolo,32.0,19.0,32.0,1,7.057594741968471,5.846725150246782,8.676167851511483,2.446381131375221,0.0
angelino,D,Roma,38.0,35.0,38.0,1,6.20804392868955,6.03733094992739,1.892583303156253,2.230959601784469,0.0
jonas-rouhi,D,Juventus,4.0,1.0,4.0,0,6.0,6.0,0.024289236361192106,0.0006535098602837073,0.0
zeki-celik,D,Roma,30.0,27.0,30.0,1,5.909044484008327,5.792556598138806,0.0029161942253118876,2.33739221949723,0.0
rafa-marin,D,Alavés,33.0,26.0,33.0,1,5.958224493410566,5.956819604253606,0.0009426419426477134,0.023174510450136177,0.0
nicolas-andrade,P,Pisa,31.0,32.0,31.0,1,5.000005351666701,6.169234767840495,8.71736845988374e-05,0.0005036346028943524,7.804275403975486
sergi-roberto,D,Barcelona,23.0,16.0,23.0,0,6.143054108015377,5.883148117451116,3.4603546262288223,1.4455144414032843,0.0
giovanni-simeone,A,Hellas Verona,35.0,32.0,35.0,1,8.056310275041682,6.082824288592004,15.222222516000471,5.119122237865168,0.0
fabio-miretti,C,Genoa,25.0,22.0,25.0,1,6.321309081713285,5.910309406472088,2.6789582087570634,2.383080032017391,0.0
botond-balogh,D,Parma,27.0,22.0,27.0,1,5.787361720508791,5.745967647658022,0.0010063798523380493,0.6079955953395156,0.0
arturo-calabresi,D,Pisa,27.0,11.0,27.0,0,6.04215710421371,5.9569789355855525,0.0022049507696236814,1.3786052691156987,0.0
kialonda-gaspar,D,Lecce,24.0,24.0,24.0,1,6.08754135094594,6.042516147588783,0.0030026095514207114,0.9375439801876109,0.0
leonardo-spinazzola,D,Napoli,23.0,17.0,23.0,0,6.221484998479497,6.05764890300958,1.0967640721098468,1.5950349860375328,0.0
nicolo-fagioli,C,Fiorentina,24.0,11.0,24.0,0,6.193474772955846,5.979291223642128,1.5252451365615975,2.637313237737915,0.0
santiago-gimenez,A,Milan,12.0,7.0,12.0,0,8.086569635969633,5.970228794122831,14.732985025822341,3.2797280514475524,0.0
jesper-lindstrm,A,Everton,25.0,15.0,25.0,0,6.170373597178121,6.055206081503395,0.08022177435750152,1.856766756910686,0.0
mattia-felici,C,FeralpiSalò,36.0,30.0,36.0,1,6.374913236395069,5.923051916324508,3.9753057971193773,6.609475971877637,0.0
janis-antiste,A,Reggiana,28.0,21.0,28.0,1,6.521090072830964,6.07971196627245,3.729249547930709,0.9255353205890787,0.0
sead-kolasinac,D,Atalanta,23.0,23.0,23.0,1,6.222370782165836,6.099804904077352,0.003162753157889434,2.4620207743920477,0.0
alessandro-russo,P,Virtus Entella,18.0,18.0,18.0,0,4.896954599634387,6.144139100767499,4.552994313924763e-05,0.00011321209212970884,4.939780579645495
yann-aurel-bisseck,D,Inter,27.0,19.0,27.0,1,6.49128710495639,6.228453858324204,3.040633442095007,2.5502387386606773,0.0
pietro-beruatto,D,Sampdoria,16.0,12.0,16.0,0,5.880491384924477,5.8628299491424976,0.1421845022421798,0.33076569622489715,0.0
tajon-buchanan,C,Club Brugge,22.0,18.0,22.0,0,6.215062166824121,6.004929733837775,0.9593712877340257,2.5278208744425394,0.0
ebenezer-akinsanmiro,C,Sampdoria,34.0,14.0,34.0,0,6.082001797660386,5.934687570398143,1.04664539969869,1.3833096658058799,0.0
alessandro-zanoli,D,Genoa,27.0,19.0,27.0,1,5.994477580346163,5.933713910874674,0.8960177080621964,0.1986609000383769,0.0
gianluca-gaetano,C,Napoli,3.0,0.0,3.0,0,6.922614950586284,6.153443080911255,6.948182588470126,3.6295559114565505,0.0
luca-pellegrini,D,Lazio,19.0,11.0,19.0,0,6.1521073116928155,5.839578395092727,0.00270885482398087,4.477729717421379,0.0
cher-ndour,C,Fiorentina,7.0,4.0,7.0,0,6.062004914305124,5.859217290435957,0.9161306485727032,1.435001158074723,0.0
edin-dzeko,A,Fenerbahçe,35.0,24.0,35.0,1,8.153025147517916,6.151884189998783,13.74406021247348,4.617539763418595,0.0
pedro,A,Lazio,28.0,8.0,28.0,0,7.502201077459232,6.103549890803724,10.246978193100771,1.8094373073958145,0.0
moise-kean,A,Fiorentina,32.0,29.0,32.0,1,8.251516339644487,6.134513845241824,12.657096101563088,1.751036476989304,0.0
alessio-romagnoli,D,Lazio,32.0,31.0,32.0,1,6.05689100349799,5.987015888874143,2.093676325742723,0.05688726953003921,0.0
adrian-benedyczak,A,Parma,31.0,22.0,31.0,1,7.025311355109912,5.85647860050838,7.6447371319613335,3.454747177617137,0.0
nik-prelec,A,Austria Wien,31.0,30.0,31.0,1,6.4723119238769,5.992561634760449,5.649479005881173,1.0125653776798118,0.0
tomas-palacios,D,Inter,2.0,0.0,2.0,0,5.922654679131548,5.915752202866543,0.03676875589814345,0.008728484926512601,0.0
milan-uric,A,Parma,23.0,4.0,23.0,0,7.287542616846357,5.896010750194859,9.447789553173898,2.1537419780952582,0.0
simone-scuffet,P,Napoli,12.0,3.0,12.0,0,4.916877924545222,6.1595045401431205,7.618673923139748e-05,0.0001066589091306673,6.38060938202247
mathias-olivera,D,Napoli,30.0,25.0,30.0,1,6.198178144559006,6.051471905912672,0.002041688513662923,2.3258398636113706,0.0
samuel-gigot,D,Marseille,21.0,20.0,21.0,1,6.06892684971832,5.932576686090753,2.5303543401798954,0.3341934015870662,0.0
razvan-sava,P,Udinese,12.0,12.0,12.0,0,4.895378082814258,6.1576054036410275,5.9950535628691195e-05,9.74046264415467e-05,6.8805857799063945
yann-sommer,P,Inter,33.0,33.0,33.0,1,5.164154639355144,6.224278646263978,8.053083987721955e-05,0.00012041508496455104,9.907826588196064
tarik-muharemovic,D,Sassuolo,27.0,22.0,27.0,1,5.9137082963500776,5.771392681530368,1.178954356023602,1.946790682636606,0.0
jonathan-ikone,C,Fiorentina,26.0,18.0,26.0,0,6.277744635903319,5.999675924993027,3.125738893449352,1.5494992300212516,0.0
honest-ahanor,D,Genoa,6.0,3.0,6.0,0,6.0,6.0,0.00600651581387986,0.03741400336582516,0.0
obite-ndicka,D,Roma,38.0,36.0,38.0,1,5.88088464817687,5.872234972241029,0.0030128132895956656,0.20814805081434595,0.0
ciro-immobile,A,Beşiktaş,30.0,26.0,30.0,1,8.439046615030902,6.158233795996936,14.5599727550322,3.9657854018835,0.0
matias-vecino,C,Lazio,25.0,9.0,25.0,0,6.538231576273512,5.99737691898027,4.786300908909661,1.0920184190739826,0.0
nicola-zalewski,C,Roma,32.0,26.0,32.0,1,6.187815064807737,6.026018321660346,2.190197895669767,1.4610720321563158,0.0
evan-ferguson,A,Brighton,19.0,15.0,19.0,0,6.581147996884642,6.043916085684363,5.0330404777412605,0.14424859733709644,0.0
benjamin-pavard,D,Inter,22.0,19.0,22.0,1,6.1409896361633916,6.078996972719226,0.003439709709409674,1.1559793206074667,0.0
matias-moreno,D,Fiorentina,3.0,2.0,3.0,0,6.0,6.0,0.00015418446971101983,0.0035208608266446405,0.0
damian-pizarro,A,Udinese,0.0,0.0,0.0,0,6.0,6.0,0.009262498408048908,0.0002195553094503838,0.0
benjamin-siegrist,P,Genoa,2.0,2.0,2.0,0,5.509844339482691,6.229318782877439,6.270242946852597e-05,0.00011427125971519307,6.737811628785612
nikola-krstovic,A,Lecce,37.0,36.0,37.0,1,6.96897627007225,5.9555173496248175,9.327325852934736,5.127748519598421,0.0
el-bilal-toure,A,Almería,21.0,15.0,21.0,0,7.1378121262351915,6.005561643423995,6.61682186765773,2.625218125266071,0.0
marco-bleve,P,Carrarese,24.0,24.0,24.0,1,5.0009153516778815,6.184192781160548,6.333856149320692e-05,0.00014678482763498432,8.758222183913503
denzel-dumfries,D,Inter,29.0,20.0,29.0,1,6.748237545988152,5.974754314188426,7.008423249587014,2.6548053180789326,0.0
lucas-beltran,A,Fiorentina,30.0,21.0,30.0,1,6.555641766730997,5.946799694468355,4.401701224800624,4.562442134275832,0.0
arthur-melo,C,Fiorentina,32.0,22.0,32.0,1,6.402520136850538,6.0949385946121115,1.70095674581066,2.327651852101032,0.0
ruslan-malinovskyi,C,Genoa,23.0,18.0,23.0,0,6.430280589263406,6.03942799967914,4.178214489154665,1.033656774346768,0.0
lorenzo-pellegrini,C,Roma,25.0,21.0,25.0,1,6.31845006045453,6.057751204234145,2.713637567004303,2.9183389442070484,0.0
alessandro-buongiorno,D,Napoli,22.0,23.0,22.0,1,6.06390357828781,6.022869797093558,1.1902379523916822,0.14231130083094837,0.0
edoardo-goldaniga,D,Como,30.0,27.0,30.0,1,5.794583648444769,5.745674810501042,0.9964375581270304,0.21159730601196375,0.0
amir-rrahmani,D,Napoli,38.0,36.0,38.0,1,6.213235981468546,6.150455841245403,0.9481008147992825,0.8928284088543151,0.0
mehdi-taremi,A,Porto,23.0,16.0,23.0,0,7.158900343151256,5.932820339770127,10.039947749214132,5.113361810262848,0.0
mattia-perin,P,Genoa,32.0,32.0,32.0,1,5.422291191522734,6.205141865032413,8.615389266432984e-05,0.0008877532350937105,8.01624609017614
enrico-del-prato,D,Parma,34.0,32.0,34.0,1,6.194594973424877,6.030052558119648,3.938037314623098,0.06789333551721198,0.0
youssef-maleh,C,Empoli,23.0,19.0,23.0,1,5.982697593022206,5.9162554422143465,0.012759508249838316,1.4227180010277147,0.0
michele-di-gregorio,P,Juventus,33.0,33.0,33.0,1,5.192971697997379,6.236485227113378,9.427000242498373e-05,0.0003187635734239899,12.160059804794887
david-neres,C,Napoli,25.0,13.0,25.0,0,6.683595425428763,6.1760688677602245,2.2772505454167957,5.610111750633103,0.0
rui-modesto,C,Udinese,13.0,4.0,13.0,0,6.16315718107856,5.9280040561208995,0.00806951907215612,1.3202974259884432,0.0
mohamed-kaba,C,Lecce,22.0,16.0,22.0,0,5.8284432293382675,5.819142209372121,0.04077298823933192,0.20127279617667307,0.0
zion-suzuki,P,Parma,37.0,35.0,37.0,1,4.873489952215126,6.1839014907152,0.00031872730941169596,0.002655206721257446,6.36974169049454
alieu-fadera,C,Como,24.0,22.0,24.0,1,6.212822485525636,5.978469242377588,1.0809637268951886,4.260422452288186,0.0
maximo-perrone,C,Como,25.0,20.0,25.0,1,6.1865154086108465,5.98172272624637,0.0011494774359147798,3.3016232188721544,0.0
domenico-berardi,A,Sassuolo,29.0,24.0,29.0,1,7.727463594853736,6.46527609876741,5.680115697979124,12.598223537397375,0.0
adrian-bernabe,C,Parma,20.0,19.0,20.0,1,6.1912450103903245,6.069345699808518,1.1948100900917873,1.6497737056177402,0.0
gvidas-gineitis,C,Torino,28.0,15.0,28.0,0,6.256417377027281,5.949608500924548,3.0074398062869743,1.1636380036172222,0.0
brooke-norton-cuffy,D,Millwall,39.0,25.0,39.0,1,6.013350084369591,5.745795787951589,2.005258532217104,3.470692715622021,0.0
marco-nasti,A,Bari,35.0,25.0,35.0,1,6.510825227497944,5.970552842339643,5.585294824005071,1.0213257298858305,0.0
mario-hermoso,D,Atlético Madrid,31.0,28.0,31.0,1,5.272294764092243,5.192980770367115,0.0011870061047953807,1.480850335629266,0.0
tommaso-pobega,C,Bologna,20.0,13.0,20.0,0,6.36994638128899,6.09934465916219,2.206121116241667,1.9291312567677146,0.0
filip-marchwinski,C,Lech Poznań,28.0,24.0,28.0,1,6.956239929223125,5.976932150299926,6.304424330179626,5.157389762849366,0.0
lautaro-valenti,D,Parma,20.0,18.0,20.0,0,5.7859524792462915,5.750763001270219,0.9282322937328599,0.021256326983932608,0.0
facundo-gonzalez,D,Sampdoria,28.0,26.0,28.0,1,6.135539653486588,6.019848279423374,1.8179864403451433,1.0539417399930782,0.0
giovanni-leoni,D,Parma,17.0,14.0,17.0,0,5.943655009603422,5.882593207098014,1.0031186554216844,0.005376656462340569,0.0
gustav-isaksen,A,Lazio,37.0,28.0,37.0,1,6.409262938710431,6.078975148497693,3.65535315986211,1.980970907454573,0.0
eldor-shomurodov,A,Roma,20.0,12.0,20.0,0,6.798748654461651,6.020800807230806,7.150631720581146,3.215572511161452,0.0
marco-curto,D,Sampdoria,14.0,12.0,14.0,0,5.927030941186144,5.8558711829605015,1.7182777277268184,0.0695559028107233,0.0
mauro-vigorito,P,Como,0.0,0.0,0.0,0,4.992514335495536,6.137399624010514,8.886468472093725e-05,0.00021001733709238027,3.4637753137125165
christian-kouame,A,Empoli,22.0,6.0,22.0,0,6.405861204165008,6.011924762530732,3.0840449002579766,2.6111150970201558,0.0
marcus-pedersen,D,Torino,23.0,15.0,23.0,0,5.801523752569661,5.769029947256489,0.05523245719336534,0.5338884461057148,0.0
edoardo-iannoni,C,Perugia,28.0,14.0,28.0,0,5.941863781009266,5.936897405866971,0.00036318877135723397,0.05797064440344961,0.0
federico-baschirotto,D,Lecce,38.0,38.0,38.0,1,6.001197368130613,5.9495241310287525,1.9264808558050026,0.06226359832949518,0.0
gianluca-mancini,D,Roma,37.0,36.0,37.0,1,6.228932044125965,6.122046003799161,1.9206898239899928,1.355069032861935,0.0
artem-dovbyk,A,Roma,32.0,27.0,32.0,1,7.583748736502585,6.034657870451382,13.107022838327307,3.42446865876638,0.0
filippo-terracciano,D,Milan,17.0,2.0,17.0,0,5.776145560132464,5.687079436965032,0.02018413222540715,1.1124211026691024,0.0
frederic-guilbert,D,Lecce,31.0,30.0,31.0,1,5.866550912061956,5.798046358148585,0.0011698607351063547,1.3008650703259954,0.0
pietro-comuzzo,D,Fiorentina,28.0,24.0,28.0,1,5.894880763736021,5.85987019016938,1.0080560762027317,0.038600809072120414,0.0
luca-zanimacchia,D,Cremonese,31.0,20.0,31.0,1,6.17179708350304,5.845401977986447,1.0940593581455123,5.20742609886255,0.0
matteo-politano,C,Napoli,37.0,31.0,37.0,1,6.6367991294561115,6.194878191245502,2.1988126543941435,5.062689536228582,0.0
matteo-guendouzi,C,Lazio,37.0,35.0,37.0,1,6.275323326614829,6.146492193889125,0.927233332309746,2.255117687476494,0.0
romelu-lukaku,A,Napoli,36.0,34.0,36.0,1,8.176262402922292,6.136012263035448,12.229756642784245,10.114316273117014,0.0
johan-vasquez,D,Genoa,36.0,33.0,36.0,1,6.064127791639138,5.966918822301399,2.4004979569274867,0.09522208947028062,0.0
francisco-conceicao,C,Juventus,25.0,12.0,25.0,0,6.681863599380671,6.130588660260823,3.4632688070717506,4.729352909958506,0.0
charalampos-lykogiannis,D,Bologna,16.0,12.0,16.0,0,6.1872019218031165,5.863647825920293,0.004266868188043961,4.301397202965748,0.0
gaby-jean,D,Lecce,18.0,17.0,18.0,0,5.7868249603609305,5.78257061440456,0.062247007011993774,0.08380941877557745,0.0
laurs-skjellerup,C,Sassuolo,5.0,2.0,5.0,0,6.0,6.0,0.0002260345576442275,0.0016735872121284015,0.0
nicola-leali,P,Genoa,29.0,30.0,29.0,1,5.052673171032289,6.181212781476367,8.085259709322072e-05,0.0001382666414583354,8.988894858027924
gleison-bremer,D,Juventus,36.0,36.0,36.0,1,6.228658055965546,6.121811603059033,2.871560098573994,0.1309011682485919,0.0
luka-modric,C,Real Madrid,25.0,17.0,25.0,0,6.782709225798369,6.290279498393098,1.9993054268843329,6.352610512068769,0.0
manuel-de-luca,A,Cremonese,33.0,17.0,33.0,0,6.7063148632392995,5.827488896189328,8.12841630326594,2.4897390078248756,0.0
alberto-dossena,D,Como,23.0,21.0,23.0,1,5.905654564528813,5.849203798208286,0.0031770895408188833,1.082248045535563,0.0
saba-sazonov,D,Dynamo Mosc,24.0,22.0,24.0,1,5.896624823366196,5.856131866216589,1.0223178277291711,0.05097094315870899,0.0
ange-yoan-bonny,A,Parma,37.0,30.0,37.0,1,6.581887419973806,5.9937483693284515,5.729375148365996,3.5263651969202834,0.0
emil-audero,P,Palermo,14.0,14.0,14.0,0,4.912609487547258,6.12509206582575,6.719721765999546e-05,0.00025177817183789745,7.187710117887542
peter-kovacik,D,Jagiellonia,8.0,2.0,8.0,0,6.0,6.0,0.00016499757626042743,0.029262975006640334,0.0
luca-marianucci,D,Empoli,13.0,12.0,13.0,0,5.805950069448659,5.805126405657431,0.006225384536900759,0.0047509299612469155,0.0
antoine-hainaut,C,Parma,22.0,10.0,22.0,0,6.045041712937048,5.889474331623329,2.01834500511992,0.10449748669865716,0.0
abdou-harroui,C,Sparta R'dam,32.0,32.0,32.0,1,6.49279289904483,6.016066819090654,5.863273814937712,2.708614070920592,0.0
federico-ravaglia,P,Bologna,12.0,10.0,12.0,0,4.9111516933092165,6.149900754220591,5.4218304803278816e-05,0.0003599072475652724,5.5112883457176505
dennis-johnsen,A,Cremonese,30.0,12.0,30.0,0,7.110459411381961,5.923639242706746,6.664850742147106,10.047744136478935,0.0
alessandro-vogliacco,D,Parma,20.0,10.0,20.0,0,6.21848980842953,5.897536423919635,3.933387255423194,0.03267763511886514,0.0
nicolo-barella,C,Inter,33.0,29.0,33.0,1,6.803778836579558,6.309982619189576,3.386554750418719,8.750369469062575,0.0
hamza-rafia,C,Lecce,18.0,14.0,18.0,0,5.877970731212167,5.876923215538434,0.001203323571722346,0.01020189587560567,0.0
andre-frank-zambo-anguissa,C,Napoli,35.0,32.0,35.0,1,6.546055100386109,6.054971650253214,5.763645877195964,5.025001781815359,0.0
tommaso-cassandro,D,Catanzaro,29.0,18.0,29.0,0,6.018762202067062,5.89641845554309,0.8409225690651223,1.356819719579289,0.0
idrissa-toure,D,Pisa,33.0,30.0,33.0,1,6.59768647442449,5.920558529989605,5.629264090091105,4.2572482453316045,0.0
yerry-mina,D,Cagliari,31.0,29.0,31.0,1,6.039551799108235,5.997737484890499,0.8990630199832561,0.08776930931044842,0.0
giacomo-raspadori,A,Napoli,18.0,11.0,18.0,0,6.817040601573717,5.990609582220205,7.27455984844185,3.1010764638335133,0.0
christian-sussi,C,Pisa,1.0,1.0,1.0,0,6.0,6.0,0.01308629773810433,0.004166453546918428,0.0
berat-djimsiti,D,Atalanta,33.0,31.0,33.0,1,6.054656773258503,5.908070606497262,0.955165809062953,2.341740439529366,0.0
tommaso-barbieri,D,Cremonese,31.0,20.0,31.0,1,6.295972913165344,5.935645290285624,2.8810156555422064,3.71943296182227,0.0
hernani,C,Parma,25.0,16.0,25.0,0,6.399518367069512,5.994693272629565,4.287782940060302,2.884925044027204,0.0
douglas-luiz,C,Aston Villa,28.0,34.0,28.0,1,6.643969832549117,6.028241605883119,6.6480964273316445,5.323287529498224,0.0
marcus-thuram,A,Inter,32.0,27.0,32.0,1,8.152830117540626,6.362662023879178,13.834110797564822,5.8465702907731645,0.0
reda-belahyane,C,Lazio,24.0,3.0,24.0,0,6.1899642367118375,5.920341855989694,0.040843812028023674,4.610085188274518,0.0
valentin-carboni,C,Monza,21.0,10.0,21.0,0,6.010381352003321,5.924913226107509,1.0335758506233093,0.22228920159246054,0.0
juan-cruz,A,Cosenza,6.0,2.0,6.0,0,6.0,6.0,0.003155913197250987,0.0022661491843282066,0.0
cristian-volpato,C,Sassuolo,18.0,9.0,18.0,0,7.119115420992555,6.017693045938839,2.3206559435783536,2.7294281718426205,0.0
jurgen-ekkelenkamp,C,Udinese,33.0,20.0,33.0,1,6.2733420566131635,5.97496088772279,2.9837036040583444,2.515416861913755,0.0
ben-lhassine-kone,C,Frosinone,19.0,10.0,19.0,0,5.979841165897047,5.800721502334796,2.09624171029935,0.17282136821120836,0.0
vitinha,A,Genoa,22.0,16.0,22.0,0,6.487308479187623,6.043511646979511,1.9621480628984553,4.121853010018414,0.0
jacob-ondrejka,C,Parma,10.0,4.0,10.0,0,8.172310608070738,6.224821257793996,12.025670412001862,5.289269202397547,0.0
jens-odgaard,A,Bologna,28.0,24.0,28.0,1,6.616675496874485,6.072022460905005,6.1206259518986865,2.281688789793852,0.0
mattia-viti,D,Empoli,30.0,28.0,30.0,1,5.910918617798644,5.869509655248351,1.0290154083622491,0.018093235055997525,0.0
alessandro-bastoni,D,Inter,32.0,31.0,32.0,1,6.499101519393558,6.19535178711828,1.009605510418408,5.555813910622163,0.0
kingsley-ehizibue,D,Udinese,31.0,28.0,31.0,1,5.8886009486838455,5.845187613224854,0.002131473036927346,0.5989898908142577,0.0
kristian-thorstvedt,C,Sassuolo,22.0,22.0,22.0,1,7.0770787495449285,6.038391455615465,6.410144071179119,5.166534821402821,0.0
brian-bayeye,D,Torino,0.0,0.0,0.0,0,5.707162248445033,5.698417979763672,0.02119426708042192,0.07826019340229486,0.0
ola-solbakken,A,Empoli,17.0,8.0,17.0,0,6.020755885419715,5.99007230811365,0.0638017953165237,0.10555838613952287,0.0
juan-jesus,D,Napoli,13.0,12.0,13.0,0,5.859350675367499,5.847845466026723,0.0031850343076314904,0.1584799744661451,0.0
dusan-vlahovic,A,Juventus,25.0,21.0,25.0,1,7.609788937599001,6.122015851677302,10.46021435748583,4.170161121683212,0.0
jesper-karlsson,C,AZ Alkmaar,23.0,22.0,23.0,1,7.554107890681914,5.94532871364237,12.26676373453396,7.00539152378455,0.0
raffaele-di-gennaro,P,Inter,0.0,0.0,0.0,0,5.517161070471598,6.482055073618339,7.343739740977011e-05,4.99247689032016e-05,4.308708388985649
caleb-ekuban,A,Genoa,22.0,12.0,22.0,0,6.482143264465421,5.893577846178457,6.175889078289169,2.0830205892333917,0.0
francesco-rossi,P,Atalanta,0.0,0.0,0.0,0,6.0,6.0,2.212849126832424e-06,6.270561328149438e-07,0.0
david-de-gea,P,Fiorentina,35.0,36.0,35.0,1,5.112583422494349,6.182842512702658,0.0001019143337630986,0.0006839503166559001,11.492908635775926
ademola-lookman,A,Atalanta,31.0,27.0,31.0,1,8.477933943038028,6.427216453633626,12.791928884802111,5.724629844879563,0.0
rares-burnete,A,Lecce,1.0,0.0,1.0,0,6.0,6.0,0.00033503406364907327,4.956109327556741e-05,0.0
stefano-moreo,A,Pisa,35.0,31.0,35.0,1,6.649134783733157,5.86345065230539,6.312816889884966,7.180498251182778,0.0
nicholas-pierini,A,Sassuolo,31.0,10.0,31.0,0,7.424301093235416,5.938382651810009,8.866885174419584,2.768362381131096,0.0
mehdi-leris,D,Stoke City,30.0,20.0,30.0,1,6.052468046565248,5.840417048915312,2.2497445202472037,2.5679447626986103,0.0
khephren-thuram,C,Juventus,33.0,26.0,33.0,1,6.753995048691319,6.235380577407668,4.659030800632431,5.689093910770255,0.0
fikayo-tomori,D,Milan,18.0,19.0,18.0,1,6.070201446660625,5.998921964587746,0.0016288215421819542,1.6196334517191744,0.0
andrea-ghion,C,Sassuolo,23.0,19.0,23.0,1,6.129723920692668,6.010848885002876,0.0016511646301304527,1.6615331221174987,0.0
alessandro-deiola,C,Cagliari,25.0,16.0,25.0,0,5.998018984533873,5.8078866185744555,1.863436145350878,1.2341673367040487,0.0
jean-butez,P,Como,18.0,19.0,18.0,1,5.238340718987825,6.331388423439296,0.00011541321703333227,0.00017951148304920085,8.023012579606405
guven-yalcn,A,Fatih Karagümrük,32.0,23.0,32.0,1,7.5452570950974245,5.9914472843447655,9.719991651021742,3.2367921605677665,0.0
stefan-posch,D,Atalanta,13.0,4.0,13.0,0,5.986066279047182,5.967230463828492,0.41611262806970695,0.14960466231101113,0.0
razvan-marin,C,Cagliari,26.0,15.0,26.0,0,6.1672839335809915,5.9032523239127705,3.107839372164148,2.2669489703002537,0.0
davide-zappacosta,D,Atalanta,30.0,25.0,30.0,1,6.548525455940113,6.1263025320757025,2.616965431549387,4.111407639296073,0.0
sebastiano-esposito,A,Empoli,33.0,26.0,33.0,1,6.959690703680824,6.163760076625902,6.466321342108475,0.24955786989117767,0.0
daniel-maldini,C,Atalanta,25.0,3.0,25.0,0,6.983932214358793,5.978257785292254,7.818106661518251,0.17851191944354708,0.0
jhon-lucumi,D,Bologna,32.0,30.0,32.0,1,5.890317273311059,5.864928063713488,0.0031702023998001934,0.6629375483826513,0.0
toma-basic,C,Lazio,0.0,0.0,0.0,0,5.844726907760951,5.825148671435774,0.18632743294862247,0.10964674877380709,0.0
marc-oliver-kempf,D,Como,31.0,30.0,31.0,1,5.8761232461214625,5.865914465265354,0.002761103832993408,0.23277805385740674,0.0
valentin-mihaila,A,Parma,20.0,16.0,20.0,0,6.374621762372606,5.997075053420288,0.062340463003648316,4.313857081259952,0.0
youssouf-fofana,C,Milan,34.0,30.0,34.0,1,6.208115534631553,6.058416089601366,1.1002532040018804,3.245811513753314,0.0
nadir-zortea,D,Cagliari,35.0,31.0,35.0,1,6.4244159718981715,5.988553856879357,4.108988978633721,1.737204996187347,0.0
joao-mario,D,Porto,27.0,19.0,27.0,1,6.119982715755661,5.914185626056033,0.0027200723306126107,2.8628185129427735,0.0
lorenzo-lucca,A,Udinese,33.0,27.0,33.0,1,7.436806358580768,5.975721995607915,11.078329345513438,0.16574549371030453,0.0
tomas-suslov,A,Hellas Verona,31.0,27.0,31.0,1,6.157494766840049,6.0708378095934235,0.2641101626617062,1.587831697358356,0.0
filippo-romagna,D,Sassuolo,23.0,21.0,23.0,1,5.6892299505528925,5.688038624031958,0.015794571199455886,0.007149152464412326,0.0
antonio-vergara,A,Reggiana,32.0,25.0,32.0,1,6.666182787625864,6.0184376523201655,4.525630713529497,4.5262702178357115,0.0
anastasios-douvikas,A,Como,12.0,6.0,12.0,0,6.860874271769214,6.015468583481577,6.704018801123518,2.4763877275438677,0.0
arkadiusz-milik,A,Juventus,27.0,17.0,27.0,0,7.200456760676175,6.091714037569065,7.227611463164367,1.4436372536919988,0.0
lassana-coulibaly,C,Lecce,37.0,30.0,37.0,1,5.936340026495022,5.896768780322915,1.2274647627339657,0.10440004509608604,0.0
oussama-el-azzouzi,C,Emmen,33.0,25.0,33.0,1,6.253406226959604,6.04590272011663,1.108125645643135,3.6949615760128816,0.0
pierre-kalulu,D,Juventus,28.0,25.0,28.0,1,6.114709460605535,6.075721935492572,1.071471612727294,0.058216714694300765,0.0
daniel-boloca,C,Sassuolo,34.0,32.0,34.0,1,6.286591345796184,5.98708488441822,3.772982832536116,2.4712728539034345,0.0
manu-kone,C,Roma,33.0,31.0,33.0,1,6.079311700679223,5.9465508677135945,1.8023650414174466,1.428834717314637,0.0
anthony-partipilo,A,Frosinone,25.0,15.0,25.0,0,6.329638096600214,5.992161831547094,4.126736234303729,2.542059763193195,0.0
gianluca-scamacca,A,Atalanta,28.0,17.0,28.0,0,8.477933943038028,6.206235257116171,12.734868030639372,7.569044090677789,0.0
lameck-banda,A,Lecce,21.0,17.0,21.0,0,6.401649617759171,6.013954535424889,2.031436971556009,3.8757856421777652,0.0
rachid-kouda,C,Spezia,26.0,14.0,26.0,0,6.298570797333424,5.984956632424366,1.9512672130066084,2.358274239025075,0.0
assane-diao,C,Como,14.0,14.0,14.0,0,7.350429589497876,6.24221991313616,6.721382168511054,2.011224199363384,0.0
vasilije-adzic,C,Juventus,1.0,0.0,1.0,0,6.0,6.0,0.00019614442393087167,0.0005742913901114627,0.0
luca-ranieri,D,Fiorentina,36.0,34.0,36.0,1,5.8785711555299205,5.782125072989878,0.8226846654838066,1.4505491890134565,0.0
mateo-pellegrino,A,Parma,11.0,8.0,11.0,0,6.473506047361387,5.993220987545587,2.965327269010664,0.402417293221232,0.0
carlos-augusto,D,Inter,27.0,17.0,27.0,0,6.498739260916531,6.21143402081337,3.346954778178754,2.8567560650242414,0.0
adrien-tameze,C,Torino,28.0,25.0,28.0,1,5.949571234422595,5.902310793525265,0.005335006871900901,1.1534813508252033,0.0
simone-pafundi,C,Lausanne-Sport,2.0,0.0,2.0,0,5.860712309839338,5.8551598984078685,0.001628477205361386,0.021906585689003565,0.0
noa-lang,A,PSV Eindhoven,29.0,23.0,29.0,1,8.077784713837461,6.093188399501891,11.000713655059869,13.724478621009162,0.0
marco-carnesecchi,P,Atalanta,34.0,33.0,34.0,1,5.050045807238574,6.160687724882893,7.646995074195252e-05,0.002159718246990596,10.41786931298225
timothy-weah,C,Juventus,26.0,18.0,26.0,0,6.382669836136346,5.960595023182068,4.026986483327199,1.4571720671932713,0.0
oliver-abildgaard,C,Como,28.0,21.0,28.0,1,6.026305602953541,5.85030949515712,2.301601925661467,1.6055269962274965,0.0
orji-okwonkwo,A,Cittadella,16.0,13.0,16.0,0,6.386902484282053,5.949842255330766,3.904234213033734,1.4042343708168719,0.0
christian-kabasele,D,Udinese,16.0,12.0,16.0,0,5.897023568121225,5.793708941584224,1.6823926738044301,0.024241797783840505,0.0
nicolo-cambiaghi,A,Empoli,37.0,29.0,37.0,1,6.17499932964481,6.077752980553474,1.0218311328183431,1.248210906665163,0.0
elayis-tavsan,A,Cesena,28.0,10.0,28.0,0,6.4736269235196495,5.903455754836772,5.794472093445246,2.861544197105528,0.0
jens-cajuste,C,Ipswich Town,30.0,25.0,30.0,1,5.920691926166901,5.846410800514697,0.9942806590529853,0.5895539053854776,0.0
gabriele-piccinini,C,Pisa,38.0,24.0,38.0,1,6.446375954473116,5.970513121882323,3.3276846411235157,3.2151333634720083,0.0
alex-meret,P,Napoli,34.0,34.0,34.0,1,5.265551178666298,6.166383581576591,0.00014726545494599211,0.0001173362727650126,12.402715034163627
riccardo-sottil,C,Fiorentina,18.0,13.0,18.0,0,6.438847301502584,6.042713078899625,2.091214500457805,2.654989283041177,0.0
alberto-paleari,P,Benevento,33.0,33.0,33.0,1,4.892649873086441,6.212653362505563,9.349923573242724e-05,0.00015225484793384239,8.787708463466142
luca-moro,A,Sassuolo,25.0,11.0,25.0,0,7.091001639823426,5.912009632412747,7.960654975117441,1.1543414788869302,0.0
sandi-lovric,C,Udinese,35.0,31.0,35.0,1,6.267841683752926,6.059156229642361,1.920098227325587,2.7650675198818724,0.0
paulo-azzi,D,Cremonese,16.0,13.0,16.0,0,6.232459255690558,5.831615512445007,3.4016379212563144,3.558510954755558,0.0
oier-zarraga,C,Athletic Club,31.0,8.0,31.0,0,6.027363240885958,5.957202149645433,0.9965162076226062,0.084882235259449,0.0
tommaso-martinelli,P,Fiorentina,0.0,0.0,0.0,0,6.0,6.0,2.1811587571731302e-05,3.2722284672628473e-06,1.158376255911261
matteo-darmian,D,Inter,26.0,21.0,26.0,1,6.373727244529308,6.096358629840652,2.7781515871597757,2.8781117178155164,0.0
alex-valle,D,Celtic,11.0,7.0,11.0,0,5.908786764133981,5.785338587578061,0.008371757749666985,2.2996134990555137,0.0
federico-dimarco,D,Inter,32.0,29.0,32.0,1,6.938835490655265,6.19816708123163,4.239827241447473,9.267452416528768,0.0
elia-caprile,P,Napoli,4.0,3.0,4.0,0,5.2831906829414175,6.226453529225453,7.818889408479812e-05,0.00016467277845538223,8.044318699714236
samuele-ricci,C,Torino,34.0,33.0,34.0,1,6.128895076769171,6.046864719656469,0.9812538716998283,1.056698560301698,0.0
remo-freuler,C,Bologna,37.0,35.0,37.0,1,6.183402220882118,6.105638074544093,0.8606319853592608,1.2447717097614692,0.0
sebastiano-luperto,D,Cagliari,36.0,36.0,36.0,1,6.0722219989482555,5.965499125094404,1.0999070148904977,2.443475518405082,0.0
antonio-caracciolo,D,Pisa,35.0,33.0,35.0,1,5.982826492503302,5.920824306775448,1.8709573094267102,0.1324258124286783,0.0
ivan-azon,A,Como,0.0,0.0,0.0,0,6.839865947652369,5.9783806368450065,6.267206254477419,2.2592370669779567,0.0
enzo-ebosse,D,Angers,27.0,21.0,27.0,1,5.77197584523927,5.764192589540147,0.000788147207107309,0.11161040003327341,0.0
mario-gila,D,Lazio,32.0,31.0,32.0,1,5.9357417224585065,5.897860962769444,0.9679038072277311,0.10160591615139314,0.0
daniele-ghilardi,D,Hellas Verona,24.0,22.0,24.0,1,5.7558249045072625,5.749153433755418,0.013001527906762261,0.15600095676528378,0.0
medon-berisha,C,Lecce,14.0,7.0,14.0,0,6.1129195737603,5.8221304003496135,0.0006117780331925129,1.096193192646222,0.0
keinan-davis,A,Udinese,16.0,11.0,16.0,0,6.203742338651218,5.982093823204946,2.2323056758036572,1.2764598655494113,0.0
samuele-angori,D,Pisa,37.0,25.0,37.0,1,6.119739707337703,5.914516901208366,2.050351513851635,2.809710076955591,0.0
wladimiro-falcone,P,Lecce,38.0,38.0,38.0,1,4.8905351508229,6.259937052371218,0.0001690316063642024,0.00025314555798672874,7.490591790690157
ben-godfrey,D,Everton,15.0,12.0,15.0,0,5.828049915957116,5.808584106701822,0.0018360593524989009,0.4488482662472753,0.0
vanja-milinkovic-savic,P,Torino,37.0,37.0,37.0,1,4.967064912501423,6.214982737742001,0.0003918629832026443,0.0009898444577833374,9.660804222286009
lorenzo-moretti,D,Cremonese,5.0,2.0,5.0,0,6.0,6.0,0.003262747384578918,0.0005062504523590557,0.0
tobias-slotsager,D,Odense,30.0,30.0,30.0,1,5.968247782841625,5.93418990743118,0.9772618382535803,0.1604470555995028,0.0
sebastian-otoa,D,Aalborg,10.0,9.0,10.0,0,5.827668106156994,5.820384900355948,0.0003556616654876788,0.030822276756145198,0.0
teun-koopmeiners,C,Juventus,28.0,23.0,28.0,1,6.5920175319233305,6.2788397451340945,3.460506953193585,4.078549028260616,0.0
ruan,D,Sassuolo,26.0,16.0,26.0,0,5.685511545628655,5.678961318725996,0.008871149931022783,0.09554516673612105,0.0
loum-tchaouna,C,Salernitana,29.0,23.0,29.0,1,6.424889996054023,5.979641993322195,4.022306554674829,2.9428980888495833,0.0
marash-kumbulla,D,Espanyol,35.0,32.0,35.0,1,5.926190363085679,5.820453310649243,2.235151910184673,0.03253121210528259,0.0
nicolas-valentini,D,Fiorentina,0.0,0.0,0.0,0,5.750039612695701,5.748157049116644,0.0027549083666523213,0.018091269658494835,0.0
emirhan-ilkhan,C,Torino,0.0,0.0,0.0,0,6.040564590849445,5.853120746359151,1.0320017988430814,1.1322054595340756,0.0
mbala-nzola,A,Lens,21.0,17.0,21.0,0,6.779501700264837,6.041441303705162,7.241265647662834,2.140177126544613,0.0
antonio-donnarumma,P,Torino,0.0,0.0,0.0,0,4.940600667741305,6.185319891364922,0.0003581194975268715,0.0001264836501158014,4.9432725159731685
lisandru-tramoni,C,Bastia,25.0,14.0,25.0,0,6.246868397360766,5.9087291898374765,1.02798015170363,3.2740940842565984,0.0
patrick-cutrone,A,Como,33.0,23.0,33.0,1,6.74778047777768,5.948343018845515,7.212117289627618,4.741316362620113,0.0
marius-marin,C,Pisa,34.0,31.0,34.0,1,6.164187445649528,5.998127396647204,0.9998616221751746,3.2972369693614136,0.0
piotr-zielinski,C,Napoli,27.0,23.0,27.0,1,6.471800698480691,6.143879838197491,2.9504340306169117,3.614609178883985,0.0
simon-sohm,C,Parma,37.0,33.0,37.0,1,6.1102212523309785,5.88572668011958,2.77747007433288,0.7867756712407403,0.0
nuno-tavares,D,Lazio,23.0,22.0,23.0,1,6.326810180069112,5.8364060994559885,0.003949742336322518,7.222567645043409,0.0
alexander-lind,A,Pisa,32.0,25.0,32.0,1,6.814367907940035,5.900172803413008,7.675692797897805,3.423048501322665,0.0
benjamin-dominguez,A,Bologna,20.0,16.0,20.0,0,6.526142876493861,6.032113497586464,3.0287424416284137,2.927587692641858,0.0
mitchel-bakker,D,Lille,24.0,14.0,24.0,0,6.419730451141863,5.95474160645753,4.087874244691248,2.5510573521720863,0.0
manuel-locatelli,C,Juventus,35.0,33.0,35.0,1,6.216357493571574,6.101400397038039,1.7216873609098966,1.5039334218457838,0.0
daniele-sommariva,P,Genoa,1.0,0.0,1.0,0,6.0,6.0,1.050598559506274e-05,3.501545056740839e-06,0.8053279397789934
ederson,C,Atalanta,36.0,32.0,36.0,1,6.423280758903068,6.081702343780462,4.433293873141748,2.488699799965273,0.0
adam-obert,D,Cagliari,19.0,13.0,19.0,0,6.002500382477687,5.8647418265251865,0.9335351772135608,1.607783055657484,0.0
pablo-mari,D,Fiorentina,30.0,14.0,30.0,0,5.90128323294871,5.898890468071114,0.05307990163024653,0.027564625787136466,0.0
nikola-vlasic,C,Torino,30.0,23.0,30.0,1,6.319650300264451,5.952037305932639,4.285105364774697,3.8636468303921063,0.0
ukasz-skorupski,P,Bologna,27.0,28.0,27.0,1,5.056225244468676,6.174011830086261,8.672401316285989e-05,6.963374991307318e-05,8.45967533678676
agustin-alvarez,A,Elche,37.0,27.0,37.0,1,6.80001567309912,5.989221536259982,8.006956313410283,2.561942706105266,0.0
maduka-okoye,P,Udinese,25.0,25.0,25.0,1,4.895545018497328,6.137830254864049,0.00010322603914569326,5.629101546089502e-05,5.3324661871228045
marco-sportiello,P,Atalanta,15.0,13.0,15.0,0,4.9952389671945046,6.144505288667932,6.126500144947279e-05,2.974948151742111e-05,5.3819842166830885
michele-castagnetti,C,Cremonese,31.0,25.0,31.0,1,6.212508539979367,5.922677255342072,0.9084524104164045,4.42210877926023,0.0
edoardo-pieragnolo,D,Sassuolo,20.0,13.0,20.0,0,5.863514254347396,5.792738381769541,0.011880489542909956,1.264183619412596,0.0
edoardo-bove,C,Roma,28.0,18.0,28.0,0,5.918262471919154,5.841658262295956,0.0014730232568573298,1.2617562568452712,0.0
jackson-tchatchoua,D,Hellas Verona,36.0,33.0,36.0,1,6.0650960179847715,5.826608902532943,1.9543996453519625,2.546032069721926,0.0
oliver-christensen,P,Salernitana,16.0,16.0,16.0,0,5.5096089042875205,6.174928031069348,6.503562098012189e-05,0.00014391358867126783,6.651764955586576
zinho-vanheusden,D,Standard Liège,21.0,21.0,21.0,1,5.723437736952,5.722500730669532,0.0007528538934684706,0.01604801537251227,0.0
zito-luvumbo,A,Cagliari,26.0,19.0,26.0,1,6.376388691595354,6.029640134623522,2.52677886753822,3.1601739131154063,0.0
filip-kostic,D,Fenerbahçe,27.0,23.0,27.0,1,6.299406957317788,5.913836506004637,1.170675337912854,7.391114768188238,0.0
yeferson-paz,D,Perugia,26.0,15.0,26.0,0,6.087060691186379,6.081979032176664,0.0008191262110581098,0.06687862715168261,0.0
giacomo-satalino,P,Sassuolo,10.0,10.0,10.0,0,6.0,6.0,3.568318155202699e-05,4.5774854641748145e-05,2.5592367391166477
tiago-djalo,D,Lille,25.0,24.0,25.0,1,6.014618129576661,5.934170349663528,1.9222949486938143,0.12708927026425204,0.0
tommaso-milanese,C,Alessandria,35.0,26.0,35.0,1,5.988401255490438,5.87127213700657,1.296402126090539,1.5263722103430408,0.0
suat-serdar,C,Hellas Verona,22.0,16.0,22.0,0,6.062465484982953,5.880601091748684,2.2746719187813533,1.0989407713499848,0.0
matteo-bianchetti,D,Cremonese,35.0,34.0,35.0,1,5.817013129389021,5.718807736385171,0.9302568696117036,1.5771248898906975,0.0
yunus-musah,C,Milan,26.0,19.0,26.0,1,6.1103538692053885,5.92252983174924,0.0009751260644422077,3.101302962223564,0.0
dodo,D,Fiorentina,35.0,33.0,35.0,1,6.235106518809074,5.926940980881635,0.00237481105734183,5.5865083952317205,0.0
matteo-cancellieri,A,Parma,25.0,19.0,25.0,1,6.195814878588117,5.927836465274099,3.5035281003504584,0.3775631665848949,0.0
thijs-dallinga,A,Bologna,23.0,12.0,23.0,0,6.383108733861877,5.9620315275424405,5.226554313524322,1.5572899481951012,0.0
michele-collocolo,C,Cremonese,30.0,26.0,30.0,1,6.4521994246357455,5.854760275808149,6.783711632230214,2.3166902309909694,0.0
albert-gumundsson,A,Fiorentina,21.0,17.0,21.0,0,6.977740477032872,6.05842015479484,9.212925000584134,2.625680748211086,0.0
mohamed-fares,D,Panserraikos,29.0,27.0,29.0,1,6.249021839015993,5.918368583395126,2.0728843714613276,5.461182733274001,0.0
samuel-chukwueze,C,Villarreal,27.0,26.0,27.0,1,6.800497016380238,6.097579723768252,4.015977711266707,4.783213404554602,0.0
martin-frese,D,Nordsjælland,29.0,27.0,29.0,1,6.229793895045176,5.793481323418427,4.09368979448313,3.5667854215122508,0.0
francesco-acerbi,D,Inter,21.0,21.0,21.0,1,6.214029027166717,6.142917334976268,0.00726754133025072,1.5348191605992516,0.0
simone-perilli,P,Pisa,18.0,18.0,18.0,0,5.016864961831933,6.301261491821826,4.5546116783721786e-05,0.00011895112434992773,4.222827294299373
danilo-cataldi,C,Fiorentina,24.0,23.0,24.0,1,6.042240212274271,5.918969364945608,2.2573987269538063,0.0782012486069324,0.0
ivan-ilic,C,Torino,28.0,25.0,28.0,1,6.20986074985608,6.004638505116361,2.8796117624944775,1.6096732155486144,0.0
matthias-braunoder,C,Como,13.0,9.0,13.0,0,5.983254780694844,5.839769986232572,1.294340429759052,1.7251963523985165,0.0
mile-svilar,P,Roma,38.0,35.0,38.0,1,5.356490353824345,6.2201169810497365,0.001671830155326795,0.0001506647550962082,10.139251750651095
martin-payero,C,Udinese,25.0,16.0,25.0,0,6.044023630590181,5.8963077480058255,1.1505687885656937,1.4984190019810182,0.0
mergim-vojvoda,D,Como,27.0,8.0,27.0,0,6.031135934249792,5.850776092056617,0.9811078391645891,2.076509043862222,0.0
stefano-turati,P,Monza,30.0,31.0,30.0,1,4.853093656009839,6.193872689099895,8.638247816967417e-05,0.0011221184273916803,6.1960716924452335
federico-bonazzoli,A,Cremonese,26.0,18.0,26.0,0,6.694169714339885,5.987355085023626,5.890245342225575,1.4475286413488166,0.0
dailon-rocha-livramento,A,MVV Maastricht,34.0,17.0,34.0,0,6.5156832056718486,3.828668289814553,15.915806164398964,1.4408729881298963,0.0
matias-soule,A,Roma,23.0,23.0,23.0,1,6.762809405297753,6.116235497219111,5.64307720114451,6.958431910113214,0.0
tommaso-corazza,D,Salernitana,13.0,10.0,13.0,0,6.499600422796445,5.8408522566397,0.7254416520162158,2.9466923255885304,0.0
lorenzo-montipo,P,Hellas Verona,36.0,36.0,36.0,1,4.890897356607219,6.257523090714545,0.0001630972328304214,0.00037461407196749463,8.224037272614957
emil-holm,D,Bologna,16.0,12.0,16.0,0,6.061229096766274,5.981945769625648,1.3370504467854338,0.35222489935140333,0.0
matteo-gabbia,D,Milan,25.0,24.0,25.0,1,6.10001101259157,6.005936521299478,1.9421253772688942,0.08239285494564079,0.0
balthazar-pierret,C,Lecce,30.0,22.0,30.0,1,5.803714500975232,5.802890409280012,0.003861489123822748,0.014446457233610755,0.0
michael-folorunsho,C,Hellas Verona,34.0,33.0,34.0,1,6.30575077029774,5.97853153076843,5.0632749527137,0.6844434403248076,0.0
mattia-valoti,C,Pisa,33.0,27.0,33.0,1,7.249699931460093,5.887811416556751,10.165057401674275,3.6738147627892053,0.0
gabriel-charpentier,A,Parma,9.0,0.0,9.0,0,6.0,6.0,1.0569858017070912,2.0746675779465504,0.0
mikael-ellertsson,C,Venezia,35.0,27.0,35.0,1,6.017094641118902,5.84848955051853,1.4206204928940593,1.306276764959922,0.0
edgaras-dubickas,C,Juve Stabia,5.0,0.0,5.0,0,6.0,6.0,0.025068010507868697,0.49215381653850737,0.0
devyne-rensch,D,Roma,8.0,5.0,8.0,0,6.151837288710937,6.024937527491879,1.2334830205356073,1.5049816241581104,0.0
jayden-braaf,A,Manchester City,16.0,13.0,16.0,0,5.744155232373114,4.107597845553618,8.889739595607338,0.10009109564071128,0.0
rolando-mandragora,C,Fiorentina,27.0,22.0,27.0,1,6.373913347337481,5.968709822312404,3.233799936330224,3.6014017633824116,0.0
antonino-gallo,D,Lecce,31.0,31.0,31.0,1,5.925349600804056,5.812176166223778,0.003047572342180676,2.6280935315586214,0.0
emil-bohinen,C,Frosinone,12.0,12.0,12.0,0,6.227807012563794,5.8136267729898865,3.06860840934543,1.5348503283039534,0.0
niccolo-pisilli,C,Roma,24.0,11.0,24.0,0,6.2340517995856555,5.975029803295373,2.1198092469437966,1.1815820688711,0.0
luka-lochoshvili,D,Nürnberg,18.0,18.0,18.0,0,5.851571210297956,5.845637963452828,0.0012924643058214145,0.10220244633966384,0.0
daniel-oyegoke,D,Hearts,19.0,14.0,19.0,0,5.846486958961775,5.7840788397609435,0.8899044167381869,0.15374433065278237,0.0
gabriele-zappa,D,Cagliari,36.0,34.0,36.0,1,5.914340842305312,5.826530288892844,1.91790347127195,0.506646715748134,0.0
noah-okafor,A,Basel,24.0,17.0,24.0,0,6.422244524773195,5.982679289110852,3.2280969420854637,2.7555053012742383,0.0
saud-abdulhamid,D,Al-Hilal,32.0,28.0,32.0,1,6.246535807853768,5.87624522028202,3.0052481340947175,3.6353581165145084,0.0
junior-ajayi,A,Hellas Verona,2.0,0.0,2.0,0,6.0,6.0,0.01936512417823092,9.468443399527741e-05,0.0
fellipe-jack,D,Como,1.0,1.0,1.0,0,6.0,6.0,0.00043506852294071665,0.0013203207955904963,0.0
matteo-palma,D,Udinese,1.0,0.0,1.0,0,6.0,6.0,0.0031542382577932114,0.00010551599846827987,0.0
danilo-veiga,D,Lecce,11.0,2.0,11.0,0,5.938645526703002,5.770946061958021,0.10895564826333558,2.7046636553057186,0.0
hakan-calhanoglu,C,Inter,28.0,26.0,28.0,1,7.195418292303003,6.371881044488198,6.599461748110574,7.502140700618092,0.0
antonio-raimondo,A,Ternana,38.0,24.0,38.0,1,6.8707456397464055,5.861975342188808,9.378180695730421,1.0945385643699899,0.0
jonathan-david,A,Lille,32.0,29.0,32.0,1,8.318820531879702,6.238051631693552,18.032551371763475,5.024961745256201,0.0
dele-alli,C,Tottenham,19.0,21.0,19.0,1,6.735039649991405,6.039045434010259,6.88209136703769,4.733187799267404,0.0
nahuel-estevez,C,Parma,32.0,25.0,32.0,1,6.0178815184015395,5.836896940909803,2.799533172505306,1.3476938862685848,0.0
ebrima-darboe,C,Frosinone,26.0,21.0,26.0,1,6.081964029019766,5.8585976863609,2.1223010006341325,1.216489343821691,0.0
daniele-padelli,P,Torino,35.0,35.0,35.0,1,5.014413724407645,6.163838027705525,8.562053458626787e-05,0.00018629882815068588,7.552441705158096
alphadjo-cisse,C,Hellas Verona,2.0,0.0,2.0,0,6.0,6.0,0.00020728419570329134,0.00014626739960853287,0.0
stefan-de-vrij,D,Inter,22.0,18.0,22.0,0,6.23522862532539,6.055133600218795,2.9981315878364603,0.15056637600189768,0.0
saul-coco,D,Torino,32.0,32.0,32.0,1,5.953942537264135,5.893042342254048,1.9327185565936562,0.018954036744576384,0.0
david-okereke,A,Gaziantep FK,29.0,24.0,29.0,1,7.003954395927235,5.956707742571486,8.749881326735547,3.3325372932364115,0.0
alessio-zerbin,C,Venezia,18.0,17.0,18.0,0,5.964593865488894,5.8344560631118165,1.1368079980724013,1.0305936438000014,0.0
morten-thorsby,C,Genoa,27.0,22.0,27.0,1,5.995085436450656,5.920136124830561,0.008588617874338803,1.4521719261363757,0.0
mateusz-kowalski,A,Parma,0.0,1.0,0.0,0,6.0,6.0,0.5610886780055752,0.0009661931027390371,0.0
alessandro-marcandalli,D,Reggiana,35.0,35.0,35.0,1,5.834170470860219,5.773281542653946,1.0366371702093113,0.9490789628806757,0.0
leonardo-pavoletti,A,Cagliari,27.0,15.0,27.0,0,6.594359296052531,5.977195827276672,6.914423915834226,1.4644958728100044,0.0
pervis-estupinan,D,Brighton,26.0,26.0,26.0,1,5.890229350603818,5.817548298421139,0.8965554883741038,0.9057527976839491,0.0
stephan-el-shaarawy,C,Roma,21.0,12.0,21.0,0,6.703691477094009,6.159083146100494,3.894083901456788,3.4548334286966544,0.0
arthur-atta,C,Udinese,23.0,12.0,23.0,0,5.910949813536926,5.9009889054867735,0.0020281419421717736,0.11933737715804638,0.0
duvan-zapata,A,Torino,37.0,31.0,37.0,1,7.89233711536159,6.221945062252432,10.859653459373058,3.3466270789412924,0.0
dimitrije-kamenovic,D,Čukarički,30.0,28.0,30.0,1,5.814163601230458,5.729481427860323,1.4912911851354786,0.1869051517273388,0.0
nicholas-bonfanti,A,Bari,16.0,8.0,16.0,0,6.520554724263593,5.897023887593742,4.734105818024891,1.062611031755361,0.0
adam-marusic,D,Lazio,31.0,27.0,31.0,1,5.961008345821066,5.81826758801719,3.299140066456299,0.3959867113390341,0.0
josip-brekalo,A,Kasımpaşa,22.0,15.0,22.0,0,6.605483519419327,6.0076115766597775,5.43781080223612,3.4319162672423076,0.0
giuseppe-ciocci,P,Cagliari,0.0,0.0,0.0,0,6.0,6.0,2.178824688736734e-06,5.450495261163207e-07,0.901394509866423
alessandro-bianco,C,Fiorentina,1.0,0.0,1.0,0,5.939273648699451,5.916881757281297,0.7951305535585664,0.050964012657183866,0.0
stefano-gori,P,Spezia,23.0,23.0,23.0,1,4.907480897290743,6.193292357768201,7.351389277328785e-05,0.0016335069252865493,9.5159808168712
andrea-belotti,A,Benfica,14.0,4.0,14.0,0,6.585715438782923,5.903104168295527,5.489318933176725,0.32886266784732565,0.0
matteo-prati,C,Cagliari,26.0,19.0,26.0,1,6.072463643700681,5.88444399531329,1.2276483395531181,2.1187419096794406,0.0
mattia-zaccagni,C,Lazio,34.0,33.0,34.0,1,7.256772184010602,6.320655846412597,7.837238685070468,7.341225244671949,0.0
simone-canestrelli,D,Pisa,36.0,34.0,36.0,1,6.103615059896908,5.908656196675754,2.761565437433622,2.320564522570819,0.0
kenan-yldz,A,Juventus,34.0,28.0,34.0,1,6.958596647533749,6.234198133840742,6.816472157342661,4.835157036551386,0.0
gianluca-saro,P,Cremonese,0.0,0.0,0.0,0,4.890073492898649,6.204629642597616,3.0004021115322435e-05,0.00022544893309167218,1.8601641394171444
scott-mctominay,C,Napoli,34.0,30.0,34.0,1,7.185829796278103,6.15505943950154,7.519772946686689,2.434306574460474,0.0
federico-ceccherini,D,Cremonese,17.0,16.0,17.0,0,5.965195135960297,5.850330693763531,0.9809681633725177,0.999935686263574,0.0
guillermo-maripan,D,Torino,28.0,27.0,28.0,1,5.888375090259484,5.840441188392015,1.022536152871784,0.23534320129739106,0.0
valentin-castellanos,A,Lazio,29.0,28.0,29.0,1,7.159603563678536,6.005923744473038,9.103651641030098,4.7413269920010315,0.0
riccardo-ciervo,C,Cosenza,30.0,17.0,30.0,0,6.175070755289363,5.950601316346091,0.9398110942133139,2.37059439510806,0.0
ismael-bennacer,C,Milan,18.0,13.0,18.0,0,6.4134936266614515,6.1231917283679484,2.387975691011655,2.315455836706627,0.0
iker-bravo,A,Udinese,16.0,5.0,16.0,0,6.2484886417373,5.960730533867077,2.474089146847181,0.10611042379435387,0.0
luca-mazzitelli,C,Frosinone,29.0,25.0,29.0,1,6.401595577725553,6.049393311117139,4.673243556095043,0.2316528202246079,0.0
orir-johann-helgason,C,Lecce,17.0,13.0,17.0,0,6.172379191492293,5.878660842971703,0.02218097500093732,4.076071769957267,0.0
henrikh-mkhitaryan,C,Inter,32.0,30.0,32.0,1,6.521387883660034,6.169135491183544,1.013092912264808,6.67420862985951,0.0
leonardo-sernicola,D,Pisa,13.0,5.0,13.0,0,6.081220125956409,5.874032365101836,3.1496727547495205,1.4056737336663105,0.0
adam-masina,D,Torino,24.0,20.0,24.0,1,6.092257282707369,5.942492965083674,0.9777989117797997,0.9840331640882735,0.0
sam-beukema,D,Bologna,34.0,33.0,34.0,1,5.959371388667693,5.89259532924808,0.0027580457036421218,1.5234073915849875,0.0
billy-gilmour,C,Napoli,17.0,13.0,17.0,0,6.051171175394413,5.938874598967287,0.012674839698387709,1.888525413826454,0.0
marco-brescianini,C,Frosinone,35.0,24.0,35.0,1,6.41540255859826,6.0398482192603105,4.622133128166548,1.544363632703578,0.0
leandro-paredes,C,Roma,20.0,15.0,20.0,0,6.099701464831006,5.890197781181631,2.654736246963616,0.9225649899106392,0.0
nicolo-savona,D,Juventus,27.0,19.0,27.0,1,6.110437808676365,5.982059073301461,2.1653389870972997,0.24620013164649437,0.0
lautaro-gianetti,D,Vélez Sarsfield,21.0,21.0,21.0,1,5.9751093517586265,5.914607598112059,0.0005814067894296791,0.8960668626685973,0.0
paulo-dybala,A,Roma,20.0,16.0,20.0,0,7.237135953801536,6.353444984098256,6.052653492573773,5.40937633192612,0.0
jesper-karlstrom,C,Udinese,37.0,35.0,37.0,1,5.981918253160694,5.851711751816618,0.005611676762741848,3.0133892718325455,0.0
alessandro-di-pardo,D,Modena,26.0,18.0,26.0,0,5.966150869554497,5.771124525067317,1.9871218182194892,1.4292936027592875,0.0
cas-odenthal,D,Sassuolo,22.0,20.0,22.0,1,5.818684686750287,5.769362116532394,1.0011103158795847,0.46253296956025564,0.0
riccardo-orsolini,C,Bologna,29.0,23.0,29.0,1,8.477933943038028,6.1291113997360425,15.329404471158194,3.3245996937658813,0.0
romano-floriani-mussolini,D,Juve Stabia,33.0,33.0,33.0,1,6.077506252652553,5.942839056747141,1.1069693123325222,2.633963676045517,0.0
henrik-meister,A,Rennes,3.0,0.0,3.0,0,6.194018178147522,5.897261420473478,2.0220640720686847,0.03492978650780626,0.0
pietro-terracciano,P,Fiorentina,33.0,33.0,33.0,1,4.853093656009839,6.126157746805383,0.0003325247983587865,0.0004132839938424755,6.564992482096087
stanislav-lobotka,C,Napoli,31.0,32.0,31.0,1,6.126980861747305,6.088896314531167,0.004972401109664926,1.0766107975073949,0.0
raoul-bellanova,D,Atalanta,35.0,27.0,35.0,1,6.382226207771073,6.01740932278101,0.006704735360868729,8.918383830358714,0.0
kevin-de-bruyne,C,Manchester City,21.0,19.0,21.0,1,7.2584597864749885,6.4151994668703685,5.414536093196624,7.968208261507555,0.0
nicolo-rovella,C,Lazio,33.0,29.0,33.0,1,6.249703033642919,6.132368677845354,0.001524207186839696,1.8639612798094407,0.0
mario-pasalic,C,Atalanta,33.0,23.0,33.0,1,6.555173319537528,6.126806751347292,3.1017872646973963,4.387788929997124,0.0
perr-schuurs,D,Torino,29.0,26.0,29.0,1,6.21610665460642,6.138578146064896,0.0013816871849065956,1.2514589927417419,0.0
daniel-mikolajewski,A,Parma,0.0,0.0,0.0,0,6.0,6.0,0.18251825284287376,0.1163274740195442,0.0
lorenzo-de-silvestri,D,Bologna,16.0,13.0,16.0,0,5.997922233950231,5.933404478798522,1.2087002798450992,0.39694718180240296,0.0
jordan-zemura,D,Udinese,21.0,13.0,21.0,0,6.0867147373360115,5.892478284030932,0.9203640425952727,1.7058176977125592,0.0
oliver-provstgaard,D,Lazio,1.0,0.0,1.0,0,6.07712438877219,6.065776265984038,0.13326872628886646,0.158276528446229,0.0
ruben-loftus-cheek,C,Milan,18.0,11.0,18.0,0,5.997184705957518,5.972974462890144,0.029374096722751687,0.36060941659864604,0.0
remi-oudin,C,Lecce,31.0,21.0,31.0,1,6.344928443316192,6.048904047032588,2.750479386867389,1.830557462305965,0.0
goncalo-esteves,D,Yverdon-Sport,9.0,3.0,9.0,0,5.92705691272235,5.924304536033889,0.000903083822500162,0.00971941139237096,0.0
juan-miranda,D,Bologna,29.0,24.0,29.0,1,6.332838798289814,5.9508354673383685,0.0025777588541966985,6.072150028391402,0.0
pasquale-mazzocchi,D,Napoli,24.0,7.0,24.0,0,6.018107120631212,5.880096860671754,0.23360557819445268,2.6985464195413633,0.0
ali-dembele,D,Torino,15.0,4.0,15.0,0,6.0,6.0,0.8057742127670977,0.014742184121658331,0.0
santiago-pierotti,A,Lecce,35.0,22.0,35.0,1,6.212198673994209,5.885467988831521,4.021971032496135,1.289132502036912,0.0
emanuele-valeri,D,Parma,34.0,33.0,34.0,1,6.283998448356918,5.951464243346704,1.7263750809477323,5.936947949985496,0.0
emanuel-vignato,A,Bologna,25.0,11.0,25.0,0,6.357664863743597,6.030625993874276,1.660182186229841,3.9448987745793263,0.0
mateusz-praszelik,C,Cracovia,27.0,19.0,27.0,1,6.0178541556888465,5.929032012693325,1.0402765326528776,0.4042344424160459,0.0
alexis-saelemaekers,C,Milan,2.0,1.0,2.0,0,6.893610131529815,5.938056295772237,6.640545127517,2.5445437271362965,0.0
santiago-castro,A,Bologna,33.0,27.0,33.0,1,7.03790396721148,6.069273395462397,8.11403820199208,5.269404890694199,0.0
lewis-ferguson,C,Bologna,31.0,31.0,31.0,1,6.791844275634056,6.253557917459575,6.3344525506258735,4.051349779891358,0.0
federico-bernardeschi,D,Juventus,26.0,16.0,26.0,0,6.2763351924732955,5.956667570224708,0.9209994652865034,3.8756631566634963,0.0
alen-sherri,P,Cagliari,7.0,7.0,7.0,0,4.894654288928304,6.122190350234445,1.8571102918212044e-05,8.589232168989947e-05,1.235256093898945
ylber-ramadani,C,Lecce,27.0,23.0,27.0,1,5.914450443660757,5.831461473647051,1.4133064527484114,1.2492926456917692,0.0
juan-david-cabal,D,Hellas Verona,22.0,17.0,22.0,0,5.8466822286993665,5.835993644505726,0.003137314536785821,0.14651571229528715,0.0
adrian-semper,P,Pisa,36.0,36.0,36.0,1,5.509246698503201,6.2671236972955695,9.757869873982083e-05,0.00021316708598683864,10.968013102353792
pierluigi-gollini,P,Tottenham,0.0,1.0,0.0,0,4.912061693320397,6.117817570098302,0.00014839232374407103,0.00020660359355482833,7.623134166565517
sana-fernandes,C,NAC Breda,15.0,4.0,15.0,0,6.215643789934917,6.071648188779169,0.9833056472216536,0.007787514883198641,0.0
che-adams,A,Torino,35.0,30.0,35.0,1,6.933427134596027,5.983424992132123,8.199685698614713,3.690130519610345,0.0
lloyd-kelly,D,Juventus,12.0,10.0,12.0,0,5.837975749506273,5.789880083281914,0.042005477692901715,0.7764915287580612,0.0
luis-henrique,D,Marseille,33.0,29.0,33.0,1,6.982878613727038,6.0961717860864075,7.141671692774459,9.227981742597832,0.0
antoine-makoumbou,C,Cagliari,32.0,28.0,32.0,1,5.8699321340743165,5.791865101362038,0.0015862562878685745,2.041914174496781,0.0
koni-de-winter,D,Genoa,24.0,23.0,24.0,1,5.927879988884067,5.824088429492503,2.393740579465512,0.05724427864522565,0.0
junior-messias,C,Genoa,17.0,13.0,17.0,0,6.174203623439821,6.077789622001744,1.1001416815351293,0.49573905425346054,0.0
morten-frendrup,C,Genoa,35.0,35.0,35.0,1,6.1317258068611125,6.065207244424093,2.04557273951438,0.18606478342827165,0.0
mandela-keita,C,Parma,28.0,23.0,28.0,1,5.960949991839878,5.821337033839967,0.0034885871081545465,1.7574430098727774,0.0
carlo-pinsoglio,P,Latina,39.0,38.0,39.0,1,5.517708864698459,6.498542146602002,9.825528344326539e-05,0.00019336532433189142,10.176391404176856
lautaro-martinez,A,Inter,31.0,31.0,31.0,1,7.857881377926968,6.356381606134697,12.522318348186493,4.686977935759929,0.0
charles-pickel,D,Cremonese,31.0,22.0,31.0,1,5.827904102237305,5.726628509450745,2.127874576767439,0.23566267147448314,0.0
patric,D,Lazio,19.0,19.0,19.0,1,5.944340917401436,5.849163316637622,1.7396251199438482,0.030849068421710035,0.0
luca-dandrea,C,Sassuolo,1.0,0.0,1.0,0,6.032616360728441,6.02068415972278,0.01402582770959377,0.03721226637392282,0.0
christos-mandas,P,OFI Crete,26.0,25.0,26.0,1,5.5096089042875205,6.23011542425943,3.716373830390694e-05,0.00015771931702717875,6.80488211869696
maxence-caqueret,C,Como,16.0,15.0,16.0,0,6.247520311415013,6.001431426643746,2.906669582038871,3.338525133948168,0.0
antoine-joujou,C,Le Havre,26.0,9.0,26.0,0,6.188318945572089,5.953357534319325,0.00042309681089209444,1.3759574446863752,0.0
leonardo-loria,P,Pisa,1.0,1.0,1.0,0,6.0,6.0,4.605294013731743e-05,9.39645215505876e-06,0.8712127913773721
yayah-kallon,A,Salernitana,11.0,2.0,11.0,0,5.9441418553475875,5.889247863913194,0.4863045385206595,0.06147257843185725,0.0
giovanni-fabbian,C,Bologna,22.0,12.0,22.0,0,6.523367309899129,6.106239200187923,4.729248491127111,1.824491375913207,0.0
michel-aebischer,C,Bologna,31.0,25.0,31.0,1,6.0150902222563944,5.9937104546836855,0.001563166002853001,0.3149281046823572,0.0
alex-jimenez,D,Milan,21.0,14.0,21.0,0,5.871127109326576,5.835489068158878,0.001996243594121022,0.41719727057234246,0.0
yannik-engelhardt,C,Como,16.0,11.0,16.0,0,6.0682972662347225,5.920207281271337,1.843162234741246,1.4693004948010047,0.0
thomas-kristensen,D,Udinese,21.0,19.0,21.0,1,5.781131162426588,5.733586740315974,1.205258619463768,0.06356780150219798,0.0
uros-racic,C,Braga,14.0,9.0,14.0,0,6.268457825946268,5.927602520375197,2.480374889427799,1.6686667101928252,0.0
jeff-ekhator,A,Genoa,15.0,6.0,15.0,0,6.1830636316949095,5.888253645255058,1.1406578924560196,1.315476592757479,0.0
kevin-bonifazi,D,Bologna,17.0,14.0,17.0,0,5.7591966877669885,5.752553821682227,0.003316080775735485,0.10142457073423856,0.0
cesare-casadei,C,Chelsea,3.0,8.0,3.0,0,6.002347241272162,5.945298568344859,1.3087232249591694,0.07446736303607865,0.0
mike-maignan,P,Milan,37.0,35.0,37.0,1,5.044620672373482,6.179760429368244,0.000498753362151647,0.0008152887636286358,9.931558162646493
nikola-moro,C,Bologna,16.0,15.0,16.0,0,6.0763531208103405,6.016148948142351,0.008255020577474775,1.0774241198385566,0.0
malick-thiaw,D,Milan,22.0,19.0,22.0,1,5.811034086963786,5.809246206783602,0.004138449500246633,0.025145855962853875,0.0
