slug,role,team_name_short,presenze_pred,presenze_pred.1,starts_pred,titolare_pred,fmv_pred,mv_pred,gf_pred,assist_pred,clean_sheet_pred,price
romelu-lukaku,A,Napoli,34.0,34.0,32.0,1,7.639596936114905,6.307840570689949,16.429826282407042,4.642127376042866,0.0,120.16
lautaro-martinez,A,Inter,32.0,32.0,27.0,1,7.564577824480691,6.316918763248525,16.44035923155895,3.896546229359263,0.0,170.42000000000002
jonathan-david,A,Juventus,30.0,30.0,24.0,1,7.564577824480691,6.213427313277869,14.505622093052835,5.868071267716033,0.0,134.19
moise-kean,A,Fiorentina,32.0,32.0,27.0,0,7.588236770069463,6.368568698762736,14.04117218934745,4.620659883536356,0.0,158.915
gianluca-scamacca,A,Atalanta,28.0,28.0,18.0,0,7.286362423779173,6.448109728552119,12.46624522747119,6.374514862973458,0.0,76.92999999999999
marcus-thuram,A,Inter,29.0,29.0,24.0,1,6.993108895546145,6.212476081136899,10.90390660343362,3.0144257587801,0.0,127.83
domenico-berardi,A,Sassuolo,29.0,29.0,27.0,1,7.76137545828438,6.436368991428605,7.678259030160907,7.18436046918413,0.0,78.60499999999999
paulo-dybala,A,Roma,27.0,27.0,23.0,1,7.285234441205058,6.4143705942993225,10.310741157134713,5.470390004147344,0.0,103.035
evan-ferguson,A,Roma,25.0,25.0,20.0,0,7.5135012204784,6.364891886605669,10.702121552832011,2.4210737731744647,0.0,70.64500000000001
rafael-leao,A,Milan,30.0,30.0,24.0,1,7.444332716521058,6.598773164527925,12.806428422922446,9.521971150648232,0.0,108.13
duvan-zapata,A,Torino,28.0,28.0,26.0,1,7.285188238038599,6.333413163505884,11.117647058823527,3.067279411764705,0.0,56.2
ademola-lookman,A,Atalanta,27.0,27.0,18.0,0,7.03058907081777,6.2634664170977175,9.70851205342016,4.422648892593218,0.0,61.660000000000004
kenan-yldz,A,Juventus,30.0,30.0,26.0,0,7.025333850100547,6.475075126099788,8.392010352748853,6.1765708713157945,0.0,99.935
valentin-castellanos,A,Lazio,32.0,32.0,25.0,1,6.587132356798186,5.959359054455338,9.803778900139775,3.574803503582021,0.0,76.015
dusan-vlahovic,A,Juventus,26.0,26.0,21.0,1,7.010303631040631,6.039580016605863,9.859976007121046,1.728619259389516,0.0,43.335
santiago-gimenez,A,Milan,30.0,30.0,24.0,0,7.479585973097199,6.296530715199586,13.00658513613069,3.2478219894270905,0.0,103.50999999999999
giovanni-simeone,A,Torino,31.0,31.0,26.0,1,6.626503926665055,5.958753075522806,10.464260607797392,2.3735126926970804,0.0,30.945
riccardo-orsolini,C,Bologna,28.0,28.0,20.0,1,7.272167715708129,6.386312244050341,11.998044636561552,4.655193749901539,0.0,71.60000000000001
armand-lauriente,A,Sassuolo,30.0,30.0,27.0,1,6.90517491028743,6.35387665057176,6.924823185836708,6.480982296193787,0.0,31.490000000000002
noa-lang,A,Napoli,32.0,32.0,27.0,0,6.761818552990613,6.30127041914236,7.005672098649603,6.151785533434307,0.0,51.870000000000005
charles-de-ketelaere,A,Atalanta,32.0,32.0,23.0,1,6.757020434215939,6.2012552680672846,7.478928702030001,7.207014935262189,0.0,72.61
ciro-immobile,A,Bologna,26.0,26.0,22.0,1,7.413286267991077,6.0997845914356095,9.814452464806674,2.77671493811247,0.0,67.66
che-adams,A,Torino,33.0,33.0,25.0,1,6.380900218050573,5.823486418122457,9.48658357404348,2.8031904741995013,0.0,43.09
alvaro-morata,A,Como,24.0,24.0,18.0,0,7.049969900665727,6.1352528894071,10.803616591752562,2.637731796724309,0.0,49.22
artem-dovbyk,A,Roma,23.0,23.0,17.0,0,6.981342155427812,6.226739837980415,9.084322530483345,2.4047221598593724,0.0,68.56
mattia-zaccagni,C,Lazio,35.0,35.0,28.0,1,6.939173078957925,6.522444839169254,7.247430403496545,5.57083582503571,0.0,66.19999999999999
nico-paz,C,Como,32.0,32.0,28.0,0,7.3923076622354,6.416370141007987,8.939982146767385,7.359590480764434,0.0,46.688
christian-pulisic,C,Milan,35.0,35.0,28.0,1,7.109380397546032,6.451569543468929,9.303071518840834,6.891567495936696,0.0,66.392
kevin-de-bruyne,C,Napoli,28.0,28.0,25.0,1,7.068375466366429,6.493423750808592,4.075092163611868,8.806642973626648,0.0,51.384
roberto-piccoli,A,Cagliari,28.0,28.0,22.0,0,7.023647760009579,6.1104055270166,10.074958920315613,3.8553896629091273,0.0,43.81
scott-mctominay,C,Napoli,32.0,32.0,25.0,1,6.634113660226767,6.370189432500302,6.403367153472051,5.074447077038637,0.0,60.632000000000005
andrea-pinamonti,A,Sassuolo,29.0,29.0,24.0,1,6.378996577829224,5.951958091401187,7.833581751461965,1.2363448404700188,0.0,41.724999999999994
franco-vazquez,A,Cremonese,27.0,27.0,24.0,1,6.415725215680122,5.981589978099614,5.020234144020051,6.314173702093152,0.0,15.96
hakan-calhanoglu,C,Inter,32.0,32.0,29.0,1,6.837463541552609,6.3768165560383085,6.51243751562204,6.416843176564457,0.0,49.304
boulaye-dia,A,Lazio,24.0,24.0,20.0,1,6.616556125784975,6.113833129671334,7.858714687369869,2.115835764271764,0.0,59.985
federico-dimarco,D,Inter,31.0,31.0,21.0,0,6.873950169027195,6.294411179759207,4.748132223244032,5.675863433121983,0.0,44.60000000000001
daniel-mosquera,A,Hellas Verona,29.0,29.0,13.0,0,6.592063417835668,6.012210345565929,7.259939221951791,1.893808439337369,0.0,18.07
alexander-lind,A,Pisa,30.0,30.0,21.0,1,6.611543710078184,5.660133000312054,7.902420261169575,1.7390975721306758,0.0,12.32
michele-di-gregorio,P,Juventus,32.0,32.0,31.0,1,5.186121145570099,6.302572180732597,0.0001285012990051,0.0019633922538303,11.267187800350008,41.655
yann-sommer,P,Inter,24.0,24.0,24.0,1,5.126018829850948,6.25590997339821,0.0001397211336736,0.0013162500007815,8.528425878210577,43.17
francisco-conceicao,C,Juventus,28.0,28.0,20.0,0,6.811926582751428,6.218373998295185,6.359868951835113,5.969797545980035,0.0,34.872
denzel-dumfries,D,Inter,31.0,31.0,25.0,1,6.3768838042613805,6.05624629187475,5.564948626204995,3.677562381763512,0.0,43.92
mile-svilar,P,Roma,36.0,36.0,35.0,0,5.323477957296591,6.282456682049509,3.672716659863952e-05,0.0003767169931953,9.571284707549909,39.89
lorenzo-lucca,A,Napoli,28.0,28.0,17.0,0,6.873215351816135,6.190143159889957,9.426256573569583,4.424146523203961,0.0,58.364999999999995
mike-maignan,P,Milan,35.0,35.0,35.0,1,5.212163970000795,6.171821788002164,0.0001084229708934,0.0614442723023945,10.632893941034364,38.845
lorenzo-colombo,A,Genoa,30.0,30.0,26.0,0,6.760484116399119,6.193776791856361,8.114084898836081,2.9097302330273584,0.0,22.755
marco-carnesecchi,P,Atalanta,34.0,34.0,34.0,1,5.256677228011755,6.379489819791727,0.0001003916399441,0.0044428364324648,9.063691985027823,35.595
albert-gumundsson,C,Fiorentina,31.0,31.0,20.0,0,6.93506596084876,6.349025124013413,5.901577984642621,3.5300067083977846,0.0,53.304
francesco-camarda,A,Lecce,29.0,29.0,21.0,0,7.08,6.300000000000001,9.217366267818983,3.822171151604248,0.0,17.15
david-de-gea,P,Fiorentina,37.0,37.0,36.0,1,5.145655477331628,6.230709680707568,0.0001485796270664,0.0007359871631493,10.396520560000065,32.19
lucas-beltran,A,Fiorentina,22.0,22.0,16.0,0,6.332035662270584,5.974461762568988,5.119832432845691,2.477338546279074,0.0,17.945
cyril-ngonge,A,Torino,21.0,21.0,13.0,0,6.625354073855052,6.004164813293119,7.190872097682044,3.3449779502751467,0.0,16.675
edin-dzeko,A,Fiorentina,21.0,21.0,16.0,1,6.9611770067307965,6.0224015265903015,8.643617751805111,2.9682045147275065,0.0,32.315
santiago-castro,A,Bologna,23.0,23.0,15.0,0,6.562008823697722,5.996805105632777,7.283621735716424,3.0940440853685933,0.0,46.559999999999995
antonio-sanabria,A,Torino,22.0,22.0,16.0,0,6.38774420669268,5.97616437100321,6.46655964158113,1.0959891725677036,0.0,16.490000000000002
jesper-karlsson,A,Bologna,27.0,27.0,23.0,1,6.24079413398733,6.0022673649768254,4.682957487261238,3.6289068898454233,0.0,4.715
assane-diao,A,Como,25.0,25.0,14.0,0,6.6660425598255895,6.127397696035222,7.833180526932621,2.2677772450396585,0.0,45.394999999999996
nicolo-barella,C,Inter,33.0,33.0,30.0,1,6.790993188839808,6.594097412556821,4.097177623648992,5.038872906009291,0.0,24.576
gustav-isaksen,C,Lazio,32.0,32.0,21.0,0,6.896106889654572,6.300697512400372,4.952861155248879,4.337648954876515,0.0,22.576
nicolae-stanciu,C,Genoa,25.0,25.0,22.0,1,6.397373228336224,6.049634618152882,3.721988261070696,5.320609199101751,0.0,15.352
alessandro-gabrielloni,A,Como,22.0,22.0,14.0,0,6.828904904818966,6.0695526839776255,9.14315033350436,2.092765520779887,0.0,1.5650000000000002
luka-modric,C,Milan,29.0,29.0,25.0,1,7.313986251157084,6.244107684153792,7.79676963226204,7.693587171640939,0.0,20.880000000000003
francesco-pio-esposito,A,Inter,31.0,31.0,25.0,1,6.520760353485912,5.874295859123185,6.244626603943755,1.373196893096957,0.0,8.865
angelino,D,Roma,30.0,30.0,25.0,1,6.512681455963187,6.22104815881647,2.9308566603918136,4.051493617261382,0.0,29.049999999999997
mateo-pellegrino,A,Parma,24.0,24.0,21.0,0,6.641629237762317,6.184518041413605,8.329386473916275,1.5934503105323214,0.0,31.775
jens-odgaard,C,Bologna,25.0,25.0,19.0,1,6.716823840811737,6.3504484352628925,5.48924942232333,2.6406410732152468,0.0,27.656
semih-kilicsoy,A,Cagliari,19.0,19.0,11.0,0,6.523254267595446,5.954745674090054,6.620896545985511,2.440196756183705,0.0,9.7
samuele-mulattieri,A,Sassuolo,24.0,24.0,15.0,0,6.659505449136257,5.734709862523441,6.780454268628559,1.1566633577371352,0.0,7.09
david-neres,C,Napoli,23.0,23.0,11.0,0,7.170718472717383,6.439262872754572,5.127499139219951,5.777725862048549,0.0,20.032
andrea-cambiaso,D,Juventus,29.0,29.0,25.0,1,6.348104097240126,6.078620169936753,2.296773104212483,4.017296227105395,0.0,28.89
matteo-tramoni,C,Pisa,25.0,25.0,16.0,0,6.48397386957172,6.149091400609831,5.656863586101244,3.744484695757944,0.0,17.504
matias-soule,A,Roma,24.0,24.0,18.0,0,7.074062092724076,6.427118493675956,8.130940216709982,3.107145725980308,0.0,50.41
adrian-benedyczak,A,Parma,20.0,20.0,12.0,0,6.472603289887699,5.775955256031687,8.473736150808078,1.1546104888986115,0.0,9.340000000000002
nikola-krstovic,A,Lecce,28.0,28.0,15.0,0,7.033460732051148,6.152154976994408,8.68874291042729,2.812793948039785,0.0,54.69
martin-baturina,C,Como,27.0,27.0,21.0,0,6.47760358800745,6.136356035179988,3.1364060197343333,7.327114954402712,0.0,16.736
alexis-sanchez,A,Udinese,25.0,25.0,20.0,1,6.234606551575311,5.95365736614553,4.908376963350785,2.022251308900524,0.0,6.13
carlos-augusto,D,Inter,28.0,28.0,23.0,1,6.335114315619503,6.166289306064642,3.0690310786968698,2.310389338798224,0.0,19.610000000000003
raoul-bellanova,D,Atalanta,25.0,25.0,22.0,0,6.46474080794267,6.357486390561398,2.088220419863692,4.604647807640208,0.0,25.12
gennaro-borrelli,A,Cagliari,18.0,18.0,9.0,0,6.375753928864682,5.84730832775636,6.1563649923786254,2.1547198137839536,0.0,5.93
davide-frattesi,C,Inter,26.0,26.0,21.0,1,6.564026429693668,6.208226236753924,6.010063309255104,2.1909047012599845,0.0,20.328000000000003
tijjani-noslin,A,Lazio,22.0,22.0,15.0,0,6.460235410935557,6.099791348109453,4.757297932983182,3.1255446126575515,0.0,6.205
giovanni-di-lorenzo,D,Napoli,35.0,35.0,35.0,1,6.299057091312274,6.164441764882839,2.5407230683448683,2.830794813286378,0.0,26.230000000000004
jari-vandeputte,C,Cremonese,30.0,30.0,28.0,0,6.397919779145123,5.968522172984419,3.773269604846664,6.381599918706808,0.0,15.271999999999998
leonardo-pavoletti,A,Cagliari,24.0,24.0,21.0,1,6.369190688294037,5.965517037960414,6.734951090772444,1.139682695727351,0.0,3.535
nikola-vlasic,C,Torino,30.0,30.0,25.0,1,6.287129117763394,5.966889193102937,4.741368087850765,4.748053517889471,0.0,19.432000000000002
nicolas-gerrit-kuhn,A,Como,21.0,21.0,15.0,0,6.545831103846375,6.053101888521038,4.776630685539665,5.397578112933533,0.0,21.705
sebastiano-esposito,A,Cagliari,24.0,24.0,16.0,0,6.564928365900157,6.165967918287884,6.164789172427237,2.1981626641426653,0.0,25.39
abdelhamid-sabiri,C,Fiorentina,19.0,19.0,15.0,0,6.370130569538545,5.9590129348214695,4.311328618452839,3.6832598215359833,0.0,1.688
ardon-jashari,C,Milan,25.0,25.0,20.0,1,6.197277416726411,6.031036545224803,3.5747500324033554,4.622021848449583,0.0,17.968
stephan-el-shaarawy,C,Roma,25.0,25.0,16.0,0,6.552085526645419,6.019274695631009,4.715321130193457,3.073922335800464,0.0,14.008
vitinha,A,Genoa,24.0,24.0,14.0,0,6.296038897128778,5.93620702014081,5.612018872030319,2.3506600011809127,0.0,16.295
zakaria-aboukhlal,A,Torino,25.0,25.0,22.0,0,6.8375009771353685,6.232695690211386,6.468675970642227,3.798775713050889,0.0,15.759999999999998
mbala-nzola,A,Pisa,22.0,22.0,13.0,0,6.419528001497878,5.978786965511596,6.406532700977418,1.8295821103920336,0.0,12.459999999999997
ukasz-skorupski,P,Bologna,32.0,32.0,30.0,1,4.9670221804209405,6.177154539538383,0.0001115463918288,0.0009677261317699,7.928395992110115,24.044999999999998
alessandro-bastoni,D,Inter,28.0,28.0,26.0,1,6.205327816880913,6.11020405558371,1.0965319051101825,1.989253300549724,0.0,31.1
vakoun-issouf-bayo,A,Udinese,20.0,20.0,11.0,0,6.791736638601146,5.831835752834273,6.311584792458658,0.699431906662969,0.0,7.015
benjamin-dominguez,A,Bologna,23.0,23.0,15.0,0,6.441535511840289,6.068499217955782,4.799282359839257,3.678519118575316,0.0,12.64
matteo-politano,C,Napoli,23.0,23.0,16.0,1,6.463738226711937,6.160607701077479,4.646313838439162,3.522889194311258,0.0,20.240000000000002
fisayo-dele-bashiru,C,Lazio,28.0,28.0,20.0,1,6.318614472171756,6.049963963600572,5.158412630226886,2.0844899347131207,0.0,15.824
alex-meret,P,Napoli,17.0,17.0,16.0,1,5.215294291114239,6.282582918727682,9.637597438967448e-05,0.0005584880952544,7.068056507342073,35.89999999999999
zito-luvumbo,A,Cagliari,27.0,27.0,14.0,0,6.460032227660064,6.111060891533795,5.031581616619968,4.1055482866186335,0.0,10.149999999999999
aaron-martin,D,Genoa,28.0,28.0,24.0,1,6.397299188069055,6.29985996249258,1.0344526463511368,5.389499034429045,0.0,17.72
milan-uric,A,Parma,20.0,20.0,16.0,0,6.419619394507195,6.003001236188394,5.334078220804821,2.125847533952524,0.0,10.945
obite-ndicka,D,Roma,27.0,27.0,26.0,1,6.231840096419936,6.180725621587802,1.5978316762216984,1.8751783270950868,0.0,15.98
albert-grnbk,C,Genoa,25.0,25.0,16.0,0,6.983240707167775,6.390566710466775,4.930072946738741,3.195877941498611,0.0,15.984000000000002
joao-mario,D,Juventus,26.0,26.0,20.0,0,6.216975945527614,6.085825554488495,1.6791999806398086,2.9818356611731462,0.0,13.700000000000001
anastasios-douvikas,A,Como,23.0,23.0,10.0,0,6.407039764761048,6.089665573202774,6.650150686939379,1.5105586564821345,0.0,14.5
robin-gosens,D,Fiorentina,29.0,29.0,25.0,1,6.236827777703572,6.066897021906949,3.2887495705125627,2.2568578272623814,0.0,32.02
ederson,C,Atalanta,30.0,30.0,26.0,1,6.284667179415477,6.12372364409883,4.265348829020997,0.908201130096305,0.0,19.896
patrick-cutrone,A,Como,16.0,16.0,10.0,0,6.395073153420419,5.931175181676946,6.22326615999429,2.573032448542256,0.0,9.485
francesco-acerbi,D,Inter,31.0,31.0,30.0,1,6.127177161799097,6.078501773611644,1.4171188163028778,0.6848795601643178,0.0,15.66
stefan-de-vrij,D,Inter,27.0,27.0,27.0,1,6.17463672308337,6.125829889613929,1.6348010497793923,0.3509520152154668,0.0,14.0
nuno-tavares,D,Lazio,30.0,30.0,21.0,0,6.413590059265407,6.274248617548765,2.380711183399181,3.133399482715239,0.0,21.75
gleison-bremer,D,Juventus,33.0,33.0,33.0,1,6.204257267166924,6.113659498759768,3.633102395780417,0.0,0.0,20.28
henrikh-mkhitaryan,C,Inter,24.0,24.0,20.0,1,6.389030489247657,6.260196342865605,4.671188261211525,3.695873299188099,0.0,14.696
amin-sarr,A,Hellas Verona,24.0,24.0,16.0,0,6.41031700722446,6.061872631829111,5.635080967634154,2.35568485654416,0.0,11.12
dodo,D,Fiorentina,30.0,30.0,24.0,0,6.315248049686934,6.0233475291886345,1.555314779042081,2.816098146876672,0.0,19.96
davide-zappacosta,D,Atalanta,26.0,26.0,24.0,1,6.136711110370048,6.020307797347583,1.802165623496696,1.8541890574433093,0.0,21.54
wesley,D,Roma,28.0,28.0,24.0,1,6.412681455963187,6.17104815881647,2.1308566603918138,3.051493617261382,0.0,21.77
gianluca-mancini,D,Roma,34.0,34.0,33.0,1,6.165122916230546,6.101586025702431,2.0751484032108056,0.8126433534327,0.0,16.06
vanja-milinkovic-savic,P,Napoli,19.0,19.0,19.0,0,5.312716114721208,6.285831066569243,0.0001191089993073,0.0004541280538361,6.928252937471598,11.055
nicola-leali,P,Genoa,31.0,31.0,31.0,1,5.099557012162258,6.232646410071215,0.0001124386367968,0.0004699535497084,6.630524901103603,15.86
david-okereke,A,Cremonese,22.0,22.0,11.0,0,6.4490869375094855,5.792461516817792,5.088007073954556,1.1448792709889288,0.0,9.754999999999999
amir-rrahmani,D,Napoli,30.0,30.0,30.0,1,6.179468120288881,6.119625332747254,2.0214467632684183,0.5090683438398234,0.0,16.32
mario-pasalic,C,Atalanta,28.0,28.0,20.0,1,6.567665448377452,6.163619388401332,4.1016560758729455,2.1010392859298057,0.0,12.976
juan-miranda,D,Bologna,27.0,27.0,25.0,0,6.342541951806605,6.210050002554224,1.341492143965907,3.7214713274796094,0.0,14.080000000000002
nicholas-pierini,A,Sassuolo,16.0,16.0,7.0,0,6.257464108640102,5.794798509021917,5.478899516612756,1.415369093419263,0.0,4.125
alessandro-buongiorno,D,Napoli,31.0,31.0,26.0,0,6.3086762784893455,6.283202627706225,1.4388534404387885,0.3078578655309094,0.0,22.200000000000003
dennis-johnsen,A,Cremonese,26.0,26.0,16.0,0,6.135622811141623,5.752366668301568,2.431980837813615,3.773537713962618,0.0,6.859999999999999
luca-moro,A,Sassuolo,21.0,21.0,10.0,0,6.324196447561176,5.847020427131064,4.38771883840555,0.2314495047456723,0.0,4.2
stefano-moreo,A,Pisa,27.0,27.0,19.0,1,5.938898254373079,5.643813844359363,3.205871373291256,1.4080942407135175,0.0,6.3149999999999995
matteo-darmian,D,Inter,24.0,24.0,19.0,1,6.220000557986804,6.0911403574655125,1.7107584782967362,1.9857761404976888,0.0,10.98
jayden-addai,A,Como,23.0,23.0,18.0,0,6.350854291631191,6.058525194433189,3.8750390735074527,2.781721536366609,0.0,11.015
federico-gatti,D,Juventus,27.0,27.0,26.0,1,6.116870910731533,6.065816487847581,1.723974948031492,0.343432343672058,0.0,10.63
dailon-rocha-livramento,A,Hellas Verona,19.0,19.0,6.0,0,6.29685987553857,5.838321639273856,5.604752863450477,2.436481413621833,0.0,5.359999999999999
giorgio-scalvini,D,Atalanta,27.0,27.0,25.0,1,6.172375644262489,6.13842642055339,2.4170432537120723,0.0,0.0,13.440000000000001
nicolo-savona,D,Juventus,25.0,25.0,20.0,1,6.06724362756781,5.969289028234897,2.4882043467861106,0.7250550202862358,0.0,5.3100000000000005
zeki-celik,D,Roma,29.0,29.0,25.0,1,5.888537458797527,5.814545470341543,0.0460148345116169,2.024946512415604,0.0,7.66
manuel-lazzari,D,Lazio,29.0,29.0,25.0,1,6.071683014634168,5.966064398080428,0.0409865746239686,2.900497954164368,0.0,5.73
wladimiro-falcone,P,Lecce,35.0,35.0,35.0,1,4.872993966367033,6.248008647595184,0.0001405482954662,0.0011661331994485,8.110298978177976,10.75
jurgen-ekkelenkamp,C,Udinese,25.0,25.0,19.0,1,6.6302809674622045,6.234761033476279,4.85582224397207,1.9758725222703275,0.0,10.944
manuel-de-luca,A,Cremonese,20.0,20.0,11.0,0,6.376275114873469,5.958002533775671,4.839003572305997,1.2528033428302798,0.0,9.91
martin-vitik,D,Bologna,29.0,29.0,27.0,0,6.129979585188825,6.115712178667061,2.2985702020292385,0.2521213626928753,0.0,11.54
lorenzo-montipo,P,Hellas Verona,36.0,36.0,36.0,1,4.760703713747415,6.186483233405859,0.0001437839979866,0.0023024639664601,9.01468543997744,7.01
lazar-samardzic,C,Atalanta,25.0,25.0,18.0,0,6.493035196256447,6.1172127979751485,4.925943228597042,2.4631218078542174,0.0,13.240000000000002
samuel-gigot,D,Lazio,27.0,27.0,25.0,1,6.008579520779572,5.918863650877653,1.6514078954968063,1.390873286686637,0.0,3.45
ivan-azon,A,Como,23.0,23.0,14.0,0,6.519966173088123,5.921641922440998,4.697658909098475,1.6952439662791872,0.0,5.745
khephren-thuram,C,Juventus,26.0,26.0,21.0,1,6.263559395461916,6.0610666276852765,2.861465632565477,3.0416736969075138,0.0,18.296
rolando-mandragora,C,Fiorentina,29.0,29.0,22.0,1,6.101780979131507,5.914395327009317,2.692044248233986,3.3733032034024606,0.0,11.576
andre-frank-zambo-anguissa,C,Napoli,29.0,29.0,28.0,1,6.323463385715259,6.256284435093185,1.8375408691656552,3.675043768126705,0.0,16.528
sead-kolasinac,D,Atalanta,25.0,25.0,21.0,1,6.107541108378896,6.030590716101036,1.052436520928815,1.3112478942042622,0.0,7.51
federico-bonazzoli,A,Cremonese,20.0,20.0,10.0,0,6.337796073067426,5.826347384239761,3.992350025039989,1.214662145815305,0.0,3.565
christos-mandas,P,Lazio,20.0,20.0,20.0,0,5.496244126767744,6.288104231093393,2.810965911503885e-05,0.001414512247825,5.085212215029781,9.5
jacob-ondrejka,C,Parma,23.0,23.0,15.0,0,6.4269740486532045,6.015262717434389,6.715744874663539,2.572749902386384,0.0,8.92
pontus-almqvist,A,Parma,24.0,24.0,16.0,0,6.1055637567811925,5.8139168612057865,2.832725352238274,4.723213702146236,0.0,4.734999999999999
luca-mazzitelli,C,Cagliari,29.0,29.0,26.0,1,6.293793347211457,6.055830639899333,4.040261266782236,3.1954541885443626,0.0,3.712
berat-djimsiti,D,Atalanta,31.0,31.0,28.0,1,5.94854269475246,5.912745143462332,0.6728890232778837,0.7476848835517165,0.0,5.89
odilon-kossounou,D,Atalanta,25.0,25.0,20.0,0,6.098018547416815,6.069972282018627,1.6220901121374387,0.4609120878592002,0.0,10.98
matteo-guendouzi,C,Lazio,30.0,30.0,26.0,1,6.215227233119697,6.139198930572865,2.5735692705297137,2.696436753628068,0.0,8.536000000000001
filip-kostic,C,Juventus,19.0,19.0,14.0,1,6.411541482625343,6.190424619893434,3.588988078649485,3.735365559808795,0.0,4.664000000000001
ruben-loftus-cheek,C,Milan,25.0,25.0,19.0,0,6.413296662328713,6.294185947084031,4.491146821403458,2.670391522760103,0.0,8.751999999999999
matteo-cancellieri,A,Lazio,19.0,19.0,8.0,0,6.1524296089954245,5.933614359892123,3.5921833333772843,1.1627377058772972,0.0,7.3500000000000005
franco-israel,P,Torino,31.0,31.0,31.0,0,5.1945081762933,6.07094782021317,1.6298405353625632e-06,8.036775065713112e-05,0.3731812556109429,13.51
hernani,C,Parma,25.0,25.0,16.0,0,6.231591522791059,5.948574228143419,3.80163230063128,3.677774835388879,0.0,6.856
adam-marusic,D,Lazio,32.0,32.0,28.0,1,5.809526928265374,5.745215218934934,2.112413627760704,0.6842770798719472,0.0,8.370000000000001
cristiano-biraghi,D,Torino,28.0,28.0,22.0,1,6.052515567043268,5.97655074840715,1.3768974339672275,1.3004359534417556,0.0,9.33
valentin-carboni,C,Genoa,30.0,30.0,21.0,0,6.378938484579196,6.203257921859667,4.461433647525089,1.4910016529527057,0.0,12.248
fikayo-tomori,D,Milan,30.0,30.0,28.0,1,6.224899289695587,6.189095310733944,2.8436109813405945,0.2871870823761301,0.0,
caleb-ekuban,A,Genoa,21.0,21.0,12.0,0,6.181254377419792,5.977751242325366,2.575511911383341,2.380706025817233,0.0,2.9450000000000003
iker-bravo,A,Udinese,16.0,16.0,6.0,0,6.3086191184007205,5.979462199845517,4.680194642857462,0.7092180113960009,0.0,7.824999999999999
alessio-romagnoli,D,Lazio,27.0,27.0,27.0,1,5.975426305658746,5.936231428359887,1.1787835508237663,0.4100215845977115,0.0,11.22
ivan-provedel,P,Lazio,17.0,17.0,17.0,1,5.278822886439182,6.169923684788923,0.0001367192814663,0.0006420339212371,5.394361238904518,20.63
ismael-kone,C,Sassuolo,24.0,24.0,23.0,0,6.150759326377698,5.985054059644852,1.455035424321399,1.4310340482143944,0.0,4.2
mario-gila,D,Lazio,29.0,29.0,25.0,0,6.184629602704625,6.167727027837417,0.2064195551442667,0.1356745254113872,0.0,9.559999999999999
yann-aurel-bisseck,D,Inter,21.0,21.0,14.0,0,6.350621882203193,6.239596191003425,2.555773594560703,0.5499042876539804,0.0,10.71
pablo-mari,D,Fiorentina,30.0,30.0,24.0,1,5.946871070202859,5.920188284874977,1.2361463477827812,0.1284809642897463,0.0,7.36
benjamin-pavard,D,Inter,21.0,21.0,20.0,1,6.093099873879945,6.050741018877951,0.0489868418702768,0.8273192937178705,0.0,11.21
luis-henrique,C,Inter,16.0,16.0,10.0,0,6.026718206334105,5.803564211494649,1.4329747332636795,2.637532241071236,0.0,7.688000000000001
isak-hien,D,Atalanta,27.0,27.0,25.0,1,5.9378090090713656,5.930714438057914,0.0657340591058575,0.155694068966641,0.0,15.799999999999999
pasquale-mazzocchi,D,Napoli,22.0,22.0,16.0,0,5.951529125078741,5.821872974175156,0.0456254569515554,2.698122540719665,0.0,4.43
daniele-ghilardi,D,Roma,25.0,25.0,23.0,1,5.9983348165814,5.988263672343676,0.3210874166142106,0.0908330630226764,0.0,5.9799999999999995
emil-audero,P,Cremonese,36.0,36.0,36.0,0,5.007306128617845,6.092127955572891,1.0797294521371104e-05,0.0001310009584755,5.234821232724169,7.34
lorenzo-de-silvestri,D,Bologna,25.0,25.0,20.0,1,6.053743728813627,5.927965156583474,2.760604631543989,1.1246116350072264,0.0,4.24
strahinja-pavlovic,D,Milan,25.0,25.0,23.0,1,6.248303976226349,6.1903446742349,2.190990411739956,0.5743353644746138,0.0,10.470000000000002
jesus-rodriguez,C,Como,19.0,19.0,12.0,0,6.17666099790353,6.085512297236945,2.598172566255769,0.4785982060267081,0.0,8.03
saba-goglichidze,D,Udinese,26.0,26.0,24.0,1,5.823022097541185,5.783321624284967,0.3531998658782487,0.8307859322863955,0.0,6.859999999999999
nicolo-cambiaghi,A,Bologna,18.0,18.0,11.0,0,6.228698944335367,6.045759954294926,2.363438713519198,1.642907756383959,0.0,12.17
luca-ranieri,D,Fiorentina,26.0,26.0,24.0,1,5.890900204435562,5.858256483697604,0.2301632591484205,0.7115226451411768,0.0,9.080000000000002
lucas-da-cunha,C,Como,25.0,25.0,15.0,0,6.355920733801009,6.011255829614982,4.640256857765111,2.60664782846543,0.0,11.056000000000001
elia-caprile,P,Cagliari,37.0,37.0,37.0,1,4.993324842961486,6.049187719820841,4.858782534037515e-05,0.0002537383777273,6.333503356874267,9.85
devyne-rensch,D,Roma,24.0,24.0,19.0,1,6.063556584945579,5.938200068234989,1.0918968658449275,1.129267405857336,0.0,7.26
mario-hermoso,D,Roma,22.0,22.0,21.0,1,5.977846142682436,5.891506128793538,1.3991143826797192,1.0689155159944774,0.0,6.8
pedro,A,Lazio,28.0,28.0,17.0,0,6.5316258657502,5.969275721141447,7.569468867012355,5.056720930989741,0.0,18.585
simon-sohm,C,Fiorentina,23.0,23.0,14.0,0,6.257176457382623,6.09653735115827,3.4185228156130414,2.8388673872623658,0.0,10.896
stefano-sabelli,D,Genoa,29.0,29.0,26.0,1,5.931869125932219,5.864713990133533,0.1743454000163638,1.782261762367172,0.0,
daniel-maldini,C,Atalanta,12.0,12.0,3.0,0,6.865107000874319,6.095566679247427,6.82703833170301,0.511402752624067,0.0,9.088
pierre-kalulu,D,Juventus,22.0,22.0,22.0,1,6.173023559620392,6.140195115191629,0.979417099239944,0.1771407324882657,0.0,10.84
perr-schuurs,D,Torino,26.0,26.0,24.0,1,6.079831949042784,5.999606297234542,0.0,1.2162489486963837,0.0,5.67
ruslan-malinovskyi,C,Genoa,21.0,21.0,15.0,0,6.514307607775985,6.190205078603864,4.343650029597011,2.679396382738292,0.0,9.08
mathias-olivera,D,Napoli,21.0,21.0,19.0,1,6.0616841384786255,6.008518297411908,0.5162293687616735,0.833373447357247,0.0,10.7
jeff-ekhator,A,Genoa,18.0,18.0,7.0,0,6.097765032333355,5.876438655914924,3.033270127876481,1.6411514475546618,0.0,3.4150000000000005
junior-messias,C,Genoa,27.0,27.0,23.0,1,6.402624176825023,6.118735595610045,4.653429463268208,3.034772406615116,0.0,5.256
sam-beukema,D,Napoli,23.0,23.0,21.0,1,6.103665908921848,6.0722644830098975,1.1614612768003223,0.0872529744548761,0.0,10.99
michael-folorunsho,C,Cagliari,25.0,25.0,22.0,1,6.371521667887532,6.161198153318291,4.433514992974521,1.1242945556937711,0.0,9.384
agustin-alvarez,A,Sassuolo,22.0,22.0,13.0,0,6.019269114187947,5.800660144079168,2.344093348950785,0.8854833796412924,0.0,5.3
sandi-lovric,C,Udinese,27.0,27.0,20.0,1,6.176346600816263,5.979028673697829,2.1521494420992107,3.764806110153687,0.0,8.768
johan-vasquez,D,Genoa,26.0,26.0,26.0,1,6.007099742423361,5.980779769652226,1.0508086209911045,0.1317981149719263,0.0,9.44
leonardo-spinazzola,D,Napoli,20.0,20.0,15.0,0,6.218460512125686,6.096657144688824,1.260841378584867,1.6704501526754607,0.0,5.0600000000000005
nicolo-fagioli,C,Fiorentina,25.0,25.0,15.0,0,6.160824271460347,5.968548748349451,1.7863912677536669,3.561783695200987,0.0,8.528
juan-jesus,D,Napoli,18.0,18.0,16.0,0,5.998668390942135,5.96560156016464,0.9575042300814756,0.1016026128321001,0.0,2.4699999999999998
lloyd-kelly,D,Juventus,19.0,19.0,18.0,0,5.853548192174362,5.787176484915043,0.5033095753283902,0.9774002705024591,0.0,6.9
saul-coco,D,Torino,29.0,29.0,24.0,1,5.867283640871084,5.838762642013599,1.2502648878843363,0.1448615296907135,0.0,7.66
jacobo-ramon,D,Como,23.0,23.0,22.0,0,6.09,6.09,0.0807635836800752,0.0216273096419292,0.0,6.19
tarik-muharemovic,D,Sassuolo,27.0,27.0,24.0,0,6.120541276644758,6.052945072952745,1.7405255653864913,0.5605276392122809,0.0,6.28
alexis-saelemaekers,C,Milan,28.0,28.0,19.0,1,6.157614175105577,5.9626861628729575,2.6553970961218063,3.431812597364969,0.0,10.520000000000001
federico-bernardeschi,C,Bologna,25.0,25.0,16.0,0,5.746655957071636,5.58402837776571,0.7281861949529163,1.9988659336868912,0.0,8.792
tommaso-barbieri,D,Cremonese,28.0,28.0,19.0,1,6.068851006149883,5.862531997092909,2.4633057508843765,1.2887779824380063,0.0,5.92
koni-de-winter,D,Milan,20.0,20.0,18.0,1,5.818790348484921,5.787081536397995,1.030490566255808,0.277293953451227,0.0,8.35
weston-mckennie,C,Juventus,25.0,25.0,20.0,1,6.216780211393485,6.092846717205225,2.665835094203337,1.1743569552379454,0.0,5.5760000000000005
brooke-norton-cuffy,D,Genoa,25.0,25.0,18.0,0,5.79034748026975,5.711910835530538,0.8147524514009694,1.4825441648796545,0.0,5.61
jhon-lucumi,D,Bologna,27.0,27.0,24.0,1,5.891898398654703,5.863858921351481,0.0521030550535072,0.6998806785115771,0.0,9.39
thijs-dallinga,A,Bologna,11.0,11.0,7.0,0,6.150547983453781,5.9475817012906464,3.913525503776192,0.8406065865035113,0.0,7.385
manuel-locatelli,C,Juventus,28.0,28.0,27.0,1,6.232601844361691,6.11625458618419,1.6757158160829646,2.168771677891718,0.0,9.744
christian-kabasele,D,Udinese,26.0,26.0,25.0,1,5.740523222016666,5.709062543152574,1.2066212572661137,0.1637778759722714,0.0,2.42
mattia-bani,D,Genoa,28.0,28.0,26.0,1,5.930662126264096,5.920398784667898,0.3598421997446897,0.1183447871663661,0.0,2.0
adrian-bernabe,C,Parma,23.0,23.0,16.0,0,6.479258583531406,6.231048118295155,3.414771532906399,2.854027754382138,0.0,9.704
josh-doig,D,Sassuolo,23.0,23.0,19.0,1,6.213173499007464,6.053770298929628,1.6579134359401138,3.166131483317673,0.0,8.15
jean-butez,P,Como,30.0,30.0,30.0,0,5.075741564553524,6.107081374919376,0.0003155022455531,0.001080706467482,5.164077510968782,12.68
unai-nunez,D,Hellas Verona,28.0,28.0,25.0,1,6.088992722246756,6.040543235376481,1.1129819135989738,0.7346258576875103,0.0,6.26
zion-suzuki,P,Parma,30.0,30.0,27.0,1,4.742733818743916,6.240232031773854,0.0001204699674882,0.001808002799172,5.021146648803377,7.754999999999999
lennon-miller,C,Udinese,25.0,25.0,20.0,1,6.126079200580516,5.967095116203081,0.8843059952264728,3.3617406104679355,0.0,3.6399999999999997
bryan-cristante,C,Roma,26.0,26.0,23.0,1,6.101803807876581,5.9717758002962285,1.8225248821651967,2.176022305412711,0.0,6.136
nicolas-gonzalez,A,Juventus,9.0,9.0,8.0,1,6.0932057199206575,5.786381707584366,2.537078202840761,1.4271359130631895,0.0,13.01
juan-cuadrado,D,Pisa,26.0,26.0,20.0,1,6.249129732537763,6.001396142288399,2.885226706026398,4.13742247524744,0.0,6.79
tomas-suslov,C,Hellas Verona,31.0,31.0,25.0,1,6.091482654088828,5.949169629710931,2.4297195911676543,2.6483626279796213,0.0,6.488
alessandro-zanoli,D,Napoli,20.0,20.0,13.0,0,5.968469501271141,5.869324970873271,0.7342924624067415,1.54694089091321,0.0,5.4
clinton-njie,A,Torino,14.0,14.0,8.0,0,6.226028496039444,6.008999968858332,2.100866856488409,1.6276433809188853,0.0,1.125
samuel-chukwueze,C,Milan,21.0,21.0,11.0,0,6.310344343598601,6.009874359799055,3.770221956303812,2.9890533601917,0.0,5.272
faustino-anjorin,C,Torino,23.0,23.0,17.0,0,6.209,6.098,3.4835484322032846,2.267327696192753,0.0,7.5760000000000005
marten-de-roon,C,Atalanta,31.0,31.0,29.0,1,6.058464219309431,5.978140393236361,2.165536580416169,1.0510469508885374,0.0,9.456
elseid-hysaj,D,Lazio,22.0,22.0,18.0,0,5.870872458393783,5.823579154753513,0.9839020075823232,0.5103603603603604,0.0,2.66
mattia-valoti,C,Cremonese,21.0,21.0,11.0,0,6.082531681643207,5.784866048002762,4.709777747113156,1.6009282104360576,0.0,2.968
tete-morente,C,Lecce,31.0,31.0,23.0,1,6.021874803355808,5.871396433619811,2.368690424034492,2.9447865965117463,0.0,5.808
sebastiano-luperto,D,Cagliari,32.0,32.0,32.0,1,5.941497054737299,5.920617238982138,0.1985695549890492,0.3346175972909012,0.0,7.8999999999999995
federico-baschirotto,D,Cremonese,27.0,27.0,21.0,1,6.054462018520009,5.926491520865508,2.0789464418800288,0.0718267121014236,0.0,7.459999999999999
alex-jimenez,D,Milan,26.0,26.0,13.0,0,6.066871090444146,6.01009116923134,2.356569440238196,3.666580703384393,0.0,7.82
ivan-ilic,C,Torino,23.0,23.0,18.0,0,6.2248466059447685,6.0317554191318274,2.500690993394667,2.6107895093100786,0.0,5.224
honest-ahanor,D,Atalanta,16.0,16.0,10.0,0,6.24,6.144,1.4186781114379334,0.0363611530839138,0.0,6.16
marco-brescianini,C,Atalanta,21.0,21.0,13.0,0,6.217913777224099,6.037673604202976,2.7884478463969686,1.7067132212034384,0.0,7.256
mattia-viti,D,Fiorentina,19.0,19.0,17.0,0,5.911566421320584,5.892876493152107,0.671146204951449,0.0299106203846487,0.0,5.27
hassane-kamara,D,Udinese,21.0,21.0,19.0,1,5.999863123022728,5.9282713423453695,1.294974815025162,0.7602653241191234,0.0,7.97
matija-frigan,A,Parma,10.0,10.0,2.0,0,6.323751947267395,5.993105106639801,3.1343031233806675,0.8860571459277538,0.0,7.3999999999999995
michele-collocolo,C,Cremonese,28.0,28.0,24.0,1,5.944886705584772,5.688944196516959,3.043266670400385,1.21760239769023,0.0,7.216000000000001
oumar-solet,D,Udinese,28.0,28.0,26.0,0,6.140513484848488,6.083046693145965,0.8211291628425373,0.5966508995180178,0.0,13.379999999999999
ryad-idrissi,D,Cagliari,18.0,18.0,15.0,0,5.955451407417785,5.835073433123376,1.6467127410553422,2.6215339972232146,0.0,4.69
lewis-ferguson,C,Bologna,28.0,28.0,26.0,1,6.242715457086772,6.224876289567341,2.309717303676735,1.4356194690265487,0.0,7.176
fabiano-parisi,D,Fiorentina,21.0,21.0,15.0,0,5.98457264162605,5.875774631576059,0.8999425351339823,1.743555645897913,0.0,5.69
francesco-folino,D,Cremonese,25.0,25.0,19.0,1,5.833365165978375,5.710319082641896,2.108263078177407,0.1729679007497237,0.0,5.15
adam-masina,D,Torino,24.0,24.0,20.0,1,5.966624286023936,5.909430826720737,0.9755854917957512,0.8315642745797814,0.0,4.880000000000001
ardian-ismajli,D,Torino,21.0,21.0,19.0,1,5.816159569887617,5.800056764826498,0.195405531740167,0.2404518821291656,0.0,7.3100000000000005
arijanet-muric,P,Sassuolo,21.0,21.0,21.0,1,4.276143766550241,6.029452319755187,3.4226651155470195e-05,0.0004977265166306,4.7095856225554895,4.43
valentino-lazaro,D,Torino,23.0,23.0,15.0,0,6.109291914664445,5.948288377038584,1.0637673178841098,4.20081677891582,0.0,8.969999999999999
anass-salah-eddine,D,Roma,16.0,16.0,9.0,0,5.836359895328865,5.700415448598909,0.5932280212083496,0.9782770338608856,0.0,5.109999999999999
nicolo-bertola,D,Udinese,19.0,19.0,16.0,0,6.043850479960505,5.950674920197209,1.1751167277544046,0.3422403865346396,0.0,5.61
cas-odenthal,D,Sassuolo,27.0,27.0,25.0,1,5.731845112843019,5.693636142169645,0.6241366091857133,0.2933538682522106,0.0,4.76
giovanni-fabbian,C,Bologna,19.0,19.0,9.0,0,6.27034579840288,6.105452876509768,3.401280784139056,1.610354887793917,0.0,5.784000000000001
marcus-pedersen,D,Torino,24.0,24.0,18.0,0,5.798892955904519,5.666598870120694,0.0256046898683414,1.8409797832498973,0.0,4.949999999999999
guillermo-maripan,D,Torino,23.0,23.0,22.0,1,5.900078008333469,5.852767468662379,1.515543546491513,0.2167651566982075,0.0,6.03
keinan-davis,A,Udinese,12.0,12.0,5.0,0,6.313520385262715,6.016634779421994,3.160759690469201,1.1007645237356014,0.0,10.459999999999999
matteo-bianchetti,D,Cremonese,25.0,25.0,24.0,1,5.534069011290458,5.488803513992231,0.6448280851789717,0.3393090326250576,0.0,3.4
kristian-thorstvedt,C,Sassuolo,22.0,22.0,21.0,1,6.184772626114799,5.890931697942701,2.7750153996490656,1.2364069802590971,0.0,6.888
kingsley-ehizibue,D,Udinese,21.0,21.0,18.0,0,5.86517916951609,5.823019693135843,0.2724450830404641,0.7276264826705166,0.0,6.33
fali-cande,D,Sassuolo,20.0,20.0,18.0,0,5.825514681524765,5.784448132609453,0.6624259848582925,0.4784620102517555,0.0,5.7
niccolo-fortini,D,Fiorentina,15.0,15.0,11.0,0,6.007061402341701,5.881434331256201,1.1388175139016756,1.221523964036856,0.0,3.59
remo-freuler,C,Bologna,30.0,30.0,29.0,1,6.248978300640217,6.162857199344491,1.8053635952105376,1.4299896357927326,0.0,7.384
emanuele-valeri,D,Parma,30.0,30.0,29.0,1,6.167992686139491,6.024633411636132,1.8315550333392163,3.045336601956057,0.0,9.49
abdoulaye-niakhate-ndiaye,D,Parma,26.0,26.0,24.0,1,6.084835506591816,5.987491049171608,1.292479198869812,1.740477671294263,0.0,4.9
manu-kone,C,Roma,29.0,29.0,25.0,1,6.160512426027788,6.132570843142807,1.67951105470492,0.6184558885322645,0.0,9.8
matias-vecino,C,Lazio,23.0,23.0,13.0,0,6.120385110163414,5.996757205203735,2.5800554666706565,1.014353410847288,0.0,4.808
alessandro-vogliacco,D,Genoa,20.0,20.0,16.0,0,5.917556566978781,5.900273182894315,0.1007266110569293,0.2879431510464771,0.0,3.4699999999999998
emil-holm,D,Bologna,16.0,16.0,11.0,0,6.082311186662481,5.958176391766187,1.8954879309103645,0.7913645927619191,0.0,7.790000000000001
thomas-kristensen,D,Udinese,20.0,20.0,19.0,1,5.757311874079981,5.720516925438117,0.736284579754122,0.3582687432305769,0.0,5.36
nadir-zortea,D,Cagliari,29.0,29.0,22.0,0,6.228508098254806,6.007685054029294,3.0212719111297,2.8941970339157725,0.0,24.48
jay-idzes,D,Sassuolo,25.0,25.0,19.0,1,5.867191908590473,5.851875630545703,0.1604598533889543,0.239788186927963,0.0,6.71
tommaso-baldanzi,C,Roma,18.0,18.0,8.0,0,6.244153228377156,6.05561910184398,3.317334301849638,0.7627067362419054,0.0,5.152
petar-sucic,C,Inter,21.0,21.0,15.0,0,6.237718810883855,5.977098795150539,2.0980367613916977,1.582888139661884,0.0,6.688
sergi-roberto,C,Como,25.0,25.0,20.0,1,6.080169659539451,5.9544488118992005,2.2138213581132344,1.6316839153754854,0.0,3.576
neil-el-aynaoui,C,Roma,20.0,20.0,14.0,0,6.175462196067847,6.038862064739906,2.409703665352436,1.0669057541511868,0.0,7.032
jordan-zemura,D,Udinese,20.0,20.0,14.0,0,5.989027004460702,5.889478356577355,1.1817287862012928,1.2964846572733724,0.0,4.2
daniel-boloca,C,Sassuolo,29.0,29.0,28.0,1,6.149254270961494,6.096342019351879,1.8588572086783284,1.1514687890876716,0.0,4.496
oliver-provstgaard,D,Lazio,18.0,18.0,15.0,0,6.0614334947082,6.042864561636689,0.1229976753705366,0.1434271041196098,0.0,3.3499999999999996
leo-skiri-ostigard,D,Genoa,24.0,24.0,20.0,0,5.865998431182442,5.825368147939458,0.3639780851759613,0.5005632165097943,0.0,5.51
nicolo-casale,D,Bologna,16.0,16.0,13.0,0,5.800015295745502,5.743116283108273,0.3968986962506773,0.694411472728066,0.0,4.16
mihai-popa,P,Torino,13.0,13.0,5.0,0,4.88900794185489,6.123884705508629,4.728052699092176e-05,0.0054828194789578,5.333189949909539,2.285
pietro-comuzzo,D,Fiorentina,26.0,26.0,23.0,0,5.884722792120417,5.847956660144577,0.942525016863655,0.1036018201784226,0.0,6.55
youssouf-fofana,C,Milan,23.0,23.0,20.0,1,6.162958270541742,6.016899600059061,1.1444576219274214,3.735594707864984,0.0,8.984
suat-serdar,C,Hellas Verona,25.0,25.0,17.0,0,5.9795439938229045,5.8677746559107575,2.453987227932835,1.08564045967402,0.0,4.184
charalampos-lykogiannis,D,Bologna,19.0,19.0,15.0,0,6.04595038704171,5.974029364617109,1.046456458414668,0.7840834389274104,0.0,5.12
maduka-okoye,P,Udinese,20.0,20.0,20.0,0,4.950106930565988,6.292334653312809,4.417232152981317e-05,0.0003436246021297,2.630004892941954,6.725
benjamin-siegrist,P,Genoa,13.0,13.0,13.0,0,5.362611457612421,6.299533447500562,0.0001424494449865,0.0001268499076064,3.591515387941503,2.165
domagoj-bradaric,D,Hellas Verona,20.0,20.0,18.0,0,5.838763506993391,5.765811516692591,0.3691016401642493,1.2299234033423994,0.0,4.0
nahuel-estevez,C,Parma,27.0,27.0,22.0,1,5.918170792828161,5.812379237538797,2.046635719433638,1.4990700162495354,0.0,2.3360000000000003
pervis-estupinan,D,Milan,26.0,26.0,23.0,0,5.962520248153018,5.844105586855605,0.7035163242637713,2.155837933950372,0.0,14.950000000000001
patric,D,Lazio,17.0,17.0,15.0,0,5.882105731051386,5.874645280338422,0.0196142695369602,0.1128847262554925,0.0,3.61
nikola-moro,C,Bologna,22.0,22.0,17.0,0,6.178475183612782,6.04422055820444,1.6313016501157214,1.9113991744000165,0.0,2.984
fabio-miretti,C,Juventus,20.0,20.0,12.0,0,6.079220055874994,5.901701910311905,0.6587933218589032,3.079422921732966,0.0,3.368
marin-pongracic,D,Fiorentina,16.0,16.0,12.0,0,5.831581888162083,5.826232204783259,0.0162705606771446,0.0749672765014178,0.0,4.61
ange-yoan-bonny,A,Inter,13.0,13.0,7.0,0,6.269668953945295,6.00006495679413,1.82667100755671,0.7504645003676365,0.0,9.295
morten-thorsby,C,Genoa,25.0,25.0,18.0,0,5.999391592987901,5.914072846750511,1.7718940376505348,1.026146826723246,0.0,3.904
leonardo-sernicola,D,Cremonese,24.0,24.0,18.0,0,5.811908759522844,5.7582053501123465,0.5763832790282253,0.4712952860315119,0.0,2.14
alessandro-arena,C,Pisa,18.0,18.0,13.0,0,6.138623897561724,5.975026795116282,1.8574912183926355,1.7338858427416677,0.0,1.792
alessio-zerbin,C,Cremonese,24.0,24.0,17.0,0,6.08642472301825,5.98018091400873,2.938905944584145,0.4534992172211392,0.0,6.167999999999999
matteo-gabbia,D,Milan,23.0,23.0,20.0,0,6.042599001908274,6.02871111493209,1.209064761095759,0.0557757704137916,0.0,5.880000000000001
daniele-rugani,D,Juventus,15.0,15.0,14.0,0,5.885402282383262,5.8301751447265575,0.6629545559815372,0.151557247370731,0.0,2.87
tommaso-pobega,C,Bologna,18.0,18.0,12.0,0,6.183242848491712,6.020914045153548,2.406964566566435,1.2502686253674908,0.0,5.704000000000001
federico-ceccherini,D,Cremonese,24.0,24.0,20.0,1,5.759224350919164,5.7208255293084935,0.655023597272049,0.2106817197624192,0.0,4.45
kristjan-asllani,C,Inter,14.0,14.0,9.0,0,6.238272204784236,6.0011913052796295,1.2595301786930762,2.5123031209101763,0.0,3.128
amir-richardson,C,Fiorentina,21.0,21.0,13.0,0,5.903731253703347,5.803117200554038,1.843517543690829,0.9524366387079294,0.0,2.936
enrico-del-prato,D,Parma,29.0,29.0,27.0,1,6.097835639756426,6.036673311162569,1.539758884606469,0.8527818137303262,0.0,7.070000000000001
gabriele-zappa,D,Cagliari,29.0,29.0,25.0,1,5.915488780942254,5.831344033766637,1.5759269956786044,1.4620434053977454,0.0,4.91
sebastian-walukiewicz,D,Sassuolo,19.0,19.0,18.0,0,5.697131237872478,5.682041838550449,0.023400372420602,0.2636098564605147,0.0,4.29
mehdi-taremi,A,Inter,6.0,6.0,5.0,1,6.001949910808518,5.996160123966423,1.5455966053179022,1.1197924273370807,0.0,2.705
riccardo-sottil,C,Lecce,17.0,17.0,9.0,0,6.215730330171297,6.006891451881641,1.6802230452310538,2.444079246681468,0.0,5.5040000000000004
luca-pellegrini,D,Lazio,14.0,14.0,9.0,0,5.904069532399,5.81631174507464,0.0225053982794893,1.1610299788835787,0.0,3.4400000000000004
yannik-engelhardt,C,Como,22.0,22.0,21.0,1,5.93554292775268,5.814025382395171,1.8267607930204384,1.499117586268745,0.0,1.8160000000000003
danilo-cataldi,C,Lazio,23.0,23.0,15.0,0,6.002447737816417,5.909737066412714,1.3358839782844354,1.3325897623941207,0.0,2.5440000000000005
ibrahim-sulemana,C,Atalanta,16.0,16.0,7.0,0,6.070144565631532,5.943537958809709,2.341163602168852,0.4559919106030655,0.0,3.08
samuele-angori,D,Pisa,29.0,29.0,20.0,1,5.9493395259164,5.805181067296522,1.2328335836169373,1.7009145276326114,0.0,4.9399999999999995
simone-scuffet,P,Pisa,24.0,24.0,23.0,1,4.473419968227296,5.893719601886257,4.3189178059917216e-05,0.0002151775665402,2.7768334862245,2.585
el-bilal-toure,A,Atalanta,2.0,2.0,1.0,0,6.083071173793446,6.00122453028424,1.5561934917998748,0.7257856783079019,0.0,5.68
alieu-fadera,C,Sassuolo,21.0,21.0,16.0,0,6.067259783650912,5.87068005316956,1.0184406947223883,1.8372543541225936,0.0,3.6159999999999997
mergim-vojvoda,D,Como,25.0,25.0,18.0,0,5.981481767358655,5.890909485841949,0.8133050856436435,1.772281001733356,0.0,3.8199999999999994
simone-canestrelli,D,Pisa,30.0,30.0,28.0,1,5.889784253791286,5.795786360496645,1.7461175882331397,0.430572433267771,0.0,3.2800000000000002
ben-godfrey,D,Atalanta,23.0,23.0,22.0,1,5.942581105230373,5.926108137673903,0.1236163130713583,0.3099589059448907,0.0,1.39
piotr-zielinski,C,Inter,19.0,19.0,9.0,1,6.1591856052724285,6.130928294085464,1.059576195377627,1.40558564295862,0.0,3.384
yerry-mina,D,Cagliari,28.0,28.0,25.0,0,5.992599260418363,5.941501370351602,1.2511071785751158,0.0865716665900265,0.0,6.750000000000001
kialonda-gaspar,D,Lecce,26.0,26.0,25.0,1,6.0611215672748,6.036225424438969,0.401058728431362,0.4418999242603694,0.0,6.21
jacopo-fazzini,C,Fiorentina,17.0,17.0,11.0,0,6.015750172958976,5.907590121023448,1.266647450956521,1.0978316312517034,0.0,7.952
idrissa-toure,C,Pisa,25.0,25.0,14.0,0,5.959164149492252,5.796176922049422,1.743969732178266,1.1644364467585315,0.0,3.152
douglas-luiz,C,Juventus,18.0,18.0,14.0,1,6.014842165013538,5.951552329569912,1.1485862073252937,1.2291266070401068,0.0,2.192
stefan-posch,D,Bologna,10.0,10.0,10.0,1,6.020887942950668,5.977530597205833,0.535038517887052,0.8343939471537857,0.0,4.28
teun-koopmeiners,C,Juventus,22.0,22.0,10.0,1,6.387485995131416,5.994646244937334,4.280068083103801,2.9536353646907663,0.0,14.888
morten-frendrup,C,Genoa,27.0,27.0,25.0,1,6.081594760781196,6.036031665876781,1.1442594678180464,0.5951306366743343,0.0,5.032
maxence-caqueret,C,Como,24.0,24.0,22.0,1,6.006584397703334,5.885181048448128,0.8591164365950577,2.365428793784778,0.0,5.608
arthur-atta,C,Udinese,20.0,20.0,10.0,0,6.049000998302503,5.953664781146271,2.038478227839845,0.6871539152114223,0.0,4.072
frederic-guilbert,D,Lecce,30.0,30.0,29.0,1,5.851713880901199,5.808263240916161,0.0523988944479673,1.2201911216932415,0.0,2.5
josep-martinez,P,Inter,12.0,12.0,12.0,0,5.343126676302516,6.196036593305444,8.8344643001548e-05,0.0013307663294007,1.5998168533324306,2.425
luca-lezzerini,P,Fiorentina,15.0,15.0,15.0,0,4.501424221527734,6.179257576458578,0.0001797771167329,0.0002993593113332,2.1026154087075977,1.285
charles-pickel,C,Cremonese,27.0,27.0,21.0,1,5.834103451278817,5.716793318202642,1.3099994251165696,1.045532248586584,0.0,1.536
stanislav-lobotka,C,Napoli,30.0,30.0,28.0,1,6.081228826489546,6.039505132931176,0.0660598897058767,1.1652334552723558,0.0,5.336
abdou-harroui,C,Hellas Verona,16.0,16.0,7.0,0,6.185001655702904,5.981889266772844,1.97855910335832,1.928971324563082,0.0,3.608
antonio-caracciolo,D,Pisa,33.0,33.0,32.0,1,5.842488570535336,5.805548483002345,0.934903165891275,0.201158126840795,0.0,3.08
antonino-gallo,D,Lecce,26.0,26.0,25.0,1,5.827137115613247,5.79037517858805,0.0457324176876439,0.8917693244966314,0.0,4.97
ylber-ramadani,C,Lecce,29.0,29.0,24.0,1,5.91586521620165,5.857324393141186,0.9508829361340552,1.155397390858959,0.0,2.992
alessandro-circati,D,Parma,28.0,28.0,27.0,1,5.821399544452453,5.803087537774879,0.997229916897507,0.0,0.0,3.8500000000000005
adrian-semper,P,Pisa,10.0,10.0,9.0,1,5.444779229214272,6.39003863467537,9.236030873545946e-05,0.0007728636809667,2.98833386573042,2.875
marco-silvestri,P,Cremonese,13.0,13.0,12.0,0,4.7945081762933,6.07094782021317,3.568981264107763e-05,0.0030779587015931,2.720774985396024,1.165
orir-johann-helgason,C,Lecce,17.0,17.0,11.0,0,6.0300424561257815,5.871255220325545,1.3142142165654196,1.886784588450969,0.0,5.4479999999999995
marius-marin,C,Pisa,32.0,32.0,28.0,1,5.920841819921071,5.833379293317985,0.7988850900886226,1.2147579767393308,0.0,2.3760000000000003
danilo-veiga,D,Lecce,26.0,26.0,17.0,0,5.743716842243333,5.622146080185882,0.3945488988069827,1.6623067637314992,0.0,1.3800000000000001
billy-gilmour,C,Napoli,20.0,20.0,13.0,0,5.990739508867947,5.902219432002817,0.4678176977237702,1.4797214102826888,0.0,3.104
juan-david-cabal,D,Juventus,13.0,13.0,8.0,0,5.867744403806461,5.819753323247497,0.0230294887969576,0.58488913161102,0.0,3.5
daniel-mikolajewski,A,Parma,12.0,12.0,2.0,0,6.1452133017401405,5.823113264187881,1.6485147938027116,1.139533613658159,0.0,1.9
jesper-karlstrom,C,Udinese,29.0,29.0,28.0,1,5.82266265915724,5.739821736625926,0.5099064814394272,1.158198542200635,0.0,3.4480000000000004
toma-basic,C,Lazio,16.0,16.0,11.0,0,5.892976036743019,5.813556005924641,1.186197013009148,0.6077450181096984,0.0,0.952
samuele-ricci,C,Milan,23.0,23.0,16.0,0,6.092033689969086,6.016899573102264,1.3180539714348714,0.9592370691395036,0.0,5.944
enzo-ebosse,D,Hellas Verona,16.0,16.0,12.0,0,5.727793184328622,5.721705082909572,0.0048795615571395,0.090810770868047,0.0,2.92
stefano-turati,P,Sassuolo,10.0,10.0,9.0,0,4.626146416441532,6.215367736144986,4.01566559442834e-05,0.0011955146094118,2.074462280620017,4.465
nicolo-rovella,C,Lazio,21.0,21.0,15.0,0,6.132759062312636,6.026896765055279,0.0346800668592061,2.103228650058542,0.0,4.944
michele-castagnetti,C,Cremonese,30.0,30.0,25.0,1,5.855368542379486,5.7650084308521565,0.5940037631506473,1.2901817558288748,0.0,1.6800000000000002
edoardo-goldaniga,D,Como,25.0,25.0,23.0,1,5.776821792645163,5.74422973700412,1.0997797806051224,0.2266549757154133,0.0,2.3400000000000003
gaby-jean,D,Lecce,34.0,34.0,32.0,1,5.691879934442031,5.673352722138537,0.1232844158501113,0.3157128754253217,0.0,1.5300000000000002
marko-rog,C,Cagliari,19.0,19.0,13.0,0,5.966521839697559,5.865606388454228,1.0517902617079382,1.3055698641498628,0.0,0.9120000000000001
corrie-ndaba,D,Lecce,21.0,21.0,18.0,0,5.81473521663318,5.773215484248525,0.7657667250174749,0.4720142758083129,0.0,1.2600000000000002
lorenzo-pellegrini,C,Roma,18.0,18.0,7.0,1,6.0703380605755815,6.013270340181924,1.0158692029618095,1.213442604198664,0.0,5.672
nicholas-bonfanti,A,Pisa,10.0,10.0,6.0,0,5.8343508791428365,5.744037130465384,0.8045917166581199,0.1056723787400929,0.0,1.25
patrizio-masini,C,Genoa,19.0,19.0,17.0,0,6.109776838532995,6.0552037284575455,1.230365651817534,0.357292370224274,0.0,2.56
cesare-casadei,C,Torino,26.0,26.0,22.0,0,6.028680020702465,5.942896748125733,1.5271642893908552,0.479517747674285,0.0,6.4
alex-valle,D,Como,20.0,20.0,17.0,0,5.88381694634434,5.761576544943978,0.0351555057543059,2.3141777572403064,0.0,4.15
grigoris-kastanos,C,Hellas Verona,17.0,17.0,10.0,0,6.046502257562509,5.952597761995787,1.1282036775280653,0.9537129378976754,0.0,2.56
devis-vasquez,P,Roma,4.0,4.0,4.0,1,5.107926639517418,6.164980877496308,3.5856491625479635e-05,0.0034061835133759,4.924399456883255,0.925
cristian-volpato,C,Sassuolo,9.0,9.0,3.0,0,6.448267969629264,5.927639586361291,1.7655099059502268,1.4981826704797834,0.0,3.096
matteo-prati,C,Cagliari,22.0,22.0,16.0,0,5.920295078106632,5.847439668063804,1.0040567951318458,1.0341784989858012,0.0,2.712
adrien-tameze,C,Torino,24.0,24.0,21.0,1,5.963172659307268,5.872459704973624,0.0,2.073438956197577,0.0,2.712
konan-ndri,A,Lecce,28.0,28.0,15.0,0,5.870366824693588,5.749840240835546,0.951243763859124,1.446570524145589,0.0,2.88
mattia-perin,P,Juventus,6.0,6.0,6.0,1,5.491899811969668,6.095428392046316,0.0001044073052443,0.0011246337894565,1.7476509788298482,1.17
lassana-coulibaly,C,Lecce,27.0,27.0,21.0,1,5.998762123064748,5.958909501088222,0.9202881439000148,0.5808410719176788,0.0,3.248
nicola-zalewski,C,Atalanta,16.0,16.0,6.0,0,6.003046394972465,5.916356972425026,0.8801645481542743,0.8997121301906125,0.0,2.44
arturo-calabresi,D,Pisa,22.0,22.0,16.0,0,5.947986809715895,5.855481622678321,0.6909156887361024,0.838075961278857,0.0,2.68
daniel-oyegoke,D,Hellas Verona,15.0,15.0,10.0,0,5.887025495673875,5.863089123266729,0.3237441506832661,0.2031984249474093,0.0,1.56
edoardo-pieragnolo,D,Sassuolo,11.0,11.0,11.0,0,5.782020379662266,5.656789511131613,0.5267185533319391,0.5512423377447524,0.0,1.56
alberto-grassi,C,Cremonese,20.0,20.0,18.0,0,5.950127097338938,5.895469047331332,0.593705147123391,0.7725437505888038,0.0,2.208
adrian-rus,D,Pisa,18.0,18.0,12.0,0,6.00283113478037,5.943569027048981,1.224682919802324,0.3892950708575384,0.0,1.29
oliver-abildgaard,C,Como,19.0,19.0,11.0,0,5.7377881872596905,5.6378856623360845,0.8722506237972882,1.39092415794214,0.0,1.1
martin-payero,C,Udinese,15.0,15.0,7.0,0,6.07723662787476,5.921943525247264,1.342750911550766,1.515749397026745,0.0,2.36
mehdi-leris,C,Pisa,22.0,22.0,15.0,0,5.883972040951012,5.761624684097369,1.078784367174917,0.9544757092186112,0.0,1.016
alessandro-deiola,C,Cagliari,20.0,20.0,12.0,0,5.868420631869871,5.792287042109741,1.128153684113167,0.8835486271918565,0.0,2.552
warren-bondo,C,Cremonese,19.0,19.0,8.0,0,5.959142710688118,5.868299460598481,1.657446519495618,0.7233356900563747,0.0,3.896
razvan-sava,P,Udinese,8.0,8.0,8.0,0,4.611793127652384,6.002957162178617,9.689899875984e-05,0.0003351089170017,1.9925301706374068,2.7199999999999998
laurs-skjellerup,A,Sassuolo,3.0,3.0,1.0,0,5.88,5.88,0.3725144586858263,0.1349391448236999,0.0,0.685
brenner,A,Udinese,5.0,5.0,2.0,0,6.094311908732563,5.938401947037787,0.829050984262363,0.3495761984046902,0.0,2.6799999999999997
damian-pizarro,A,Udinese,0.0,0.0,0.0,0,6.0,6.0,0.0,0.0,0.0,1.255
lameck-banda,A,Lecce,12.0,12.0,8.0,0,6.162838818514672,5.985962513782365,0.7650209354280533,1.66346469253909,0.0,2.6799999999999997
henrik-meister,A,Pisa,7.0,7.0,3.0,0,6.021199459237584,5.728255620921974,1.3596293718222452,0.3515240145650283,0.0,4.1049999999999995
youssef-maleh,C,Lecce,22.0,22.0,16.0,0,5.864444380919034,5.796550015289112,0.5001218635514991,1.2004945629145292,0.0,1.552
mohamed-kaba,C,Lecce,25.0,25.0,18.0,0,5.880164347198646,5.832245440742194,0.087139025473921,1.105327113563458,0.0,0.784
gvidas-gineitis,C,Torino,9.0,9.0,5.0,0,5.940669361855239,5.906819579804352,0.2968622973587667,0.1635992748841233,0.0,2.512
mattia-felici,C,Cagliari,15.0,15.0,6.0,0,6.131055513109581,5.829218867263919,0.5634395838741355,2.3338284135299285,0.0,2.896
ebenezer-akinsanmiro,C,Pisa,6.0,6.0,3.0,0,5.956896667356379,5.854217795497945,0.2926035731618688,0.2296328571764621,0.0,2.896
maximo-perrone,C,Como,24.0,24.0,19.0,1,5.950181469786196,5.917490367938742,0.0407985851702095,0.7307142535029115,0.0,4.048
gianluca-gaetano,C,Cagliari,18.0,18.0,15.0,0,6.239432162143036,6.07398412658298,1.0123239339202257,0.7633893566717816,0.0,2.7039999999999997
cher-ndour,C,Fiorentina,9.0,9.0,1.0,0,5.811867914787294,5.749491087291397,0.3742455906373272,0.1570402071405923,0.0,1.1680000000000001
filip-marchwinski,C,Lecce,12.0,12.0,3.0,0,6.011119642072546,5.924547020503355,0.6678116857020451,0.6828472856365876,0.0,0.784
yunus-musah,C,Milan,22.0,22.0,16.0,0,5.904393644107275,5.817394181633898,0.0405752751736527,1.8064260690416816,0.0,2.128
emirhan-ilkhan,C,Torino,6.0,6.0,1.0,0,5.875607979738399,5.795401403843184,0.6360217237583998,0.1681940890395643,0.0,0.5920000000000001
simone-pafundi,C,Udinese,2.0,2.0,0.0,0,6.0,6.0,0.0438985471287574,0.0385106478952953,0.0,1.552
vasilije-adzic,C,Juventus,0.0,0.0,0.0,0,6.0,6.0,0.0,0.0,0.0,0.5920000000000001
gabriele-piccinini,C,Pisa,15.0,15.0,7.0,0,5.951106095655843,5.840766183370067,0.6366524170635969,0.6494320049014969,0.0,2.128
medon-berisha,C,Lecce,6.0,6.0,3.0,0,5.899737896616904,5.822832093390952,0.1516675575783448,0.3766823390978456,0.0,1.7440000000000002
hamza-rafia,C,Lecce,17.0,17.0,10.0,0,5.823795828861166,5.809189677781974,0.2738428039970931,0.1202918586978679,0.0,1.7440000000000002
edoardo-iannoni,C,Sassuolo,17.0,17.0,8.0,0,5.9275444397405055,5.869429551362609,0.4878523281205367,0.345616424280382,0.0,1.7440000000000002
reda-belahyane,C,Lazio,7.0,7.0,1.0,0,5.952580923337068,5.915141539806741,0.0301657398610154,0.237414463894602,0.0,1.3599999999999999
andrea-ghion,C,Sassuolo,8.0,8.0,4.0,0,5.8899817130092025,5.874532563000619,0.0134724430863597,0.0666341679876702,0.0,2.512
oier-zarraga,C,Udinese,14.0,14.0,8.0,0,6.0208552824686965,5.95895601932772,0.9804259146154408,0.3467979808916453,0.0,1.552
alessandro-bianco,C,Fiorentina,15.0,15.0,15.0,0,5.946403391340861,5.926067620851822,0.3191618977279044,0.1538512362794465,0.0,0.784
dele-alli,C,Como,2.0,2.0,1.0,0,5.886877981836999,5.846413503103632,0.6848656355427981,0.3288934033395274,0.0,0.5920000000000001
mikael-ellertsson,C,Genoa,9.0,9.0,6.0,0,6.012887177660745,5.880149642362996,0.8223763961897645,0.7485708704733802,0.0,2.896
niccolo-pisilli,C,Roma,15.0,15.0,11.0,0,6.157702962826755,6.032049193229437,0.9934693653365828,0.1122280255934006,0.0,3.28
balthazar-pierret,C,Lecce,24.0,24.0,19.0,1,5.801995525591586,5.770301607975492,0.985672823355986,0.2428547365107466,0.0,2.7039999999999997
santiago-pierotti,C,Lecce,20.0,20.0,18.0,0,6.12528035790875,5.957024390814202,0.7820877936047521,0.9147544282589704,0.0,4.24
mandela-keita,C,Parma,25.0,25.0,18.0,0,5.764981045709015,5.717845719827694,0.0385625544793211,0.671422981558739,0.0,2.32
michel-aebischer,C,Pisa,20.0,20.0,14.0,0,5.9604263888107445,5.890975811336691,0.8441179488315632,0.9216929422792074,0.0,3.088
alberto-dossena,D,Como,22.0,22.0,19.0,1,5.891450638201417,5.852751384734827,0.0594201610182806,0.7867030451424238,0.0,3.37
alberto-moreno,D,Como,17.0,17.0,14.0,0,5.937400582280104,5.88945931268029,0.054623308492092,0.7540238582845595,0.0,2.29
tiago-gabriel,D,Lecce,24.0,24.0,23.0,0,6.076656247809817,6.053837350752722,0.1994898988449885,0.0474072282817296,0.0,1.7400000000000002
marco-palestra,D,Atalanta,7.0,7.0,3.0,0,6.084,6.084,0.1050859004520783,0.0333875741682895,0.0,2.56
ivan-smolcic,D,Como,21.0,21.0,18.0,0,5.760043421216846,5.697051796585512,0.1659094159328026,0.7008943841279499,0.0,1.75
botond-balogh,D,Parma,14.0,14.0,11.0,0,5.792450652792787,5.785568540028799,0.0114828604684322,0.0871421903918909,0.0,2.29
jonas-rouhi,D,Juventus,3.0,3.0,1.0,0,6.0,6.0,0.132485796087218,0.0215240641471513,0.0,1.48
ignace-van-der-brempt,D,Como,5.0,5.0,3.0,0,5.970337324121212,5.918083819486474,0.1137268489932883,0.2021129559780997,0.0,2.56
lautaro-valenti,D,Parma,14.0,14.0,13.0,0,5.782750958866135,5.754512395285233,0.3516329120763892,0.2249640722945013,0.0,2.8299999999999996
filippo-terracciano,D,Cremonese,12.0,12.0,5.0,0,5.783681338382784,5.710608131391247,0.0315902226221249,0.8223620000714886,0.0,1.21
nicolas-valentini,D,Hellas Verona,6.0,6.0,4.0,0,5.779783031625706,5.759932359146555,0.1160673187616754,0.0657351193633147,0.0,2.8299999999999996
tobias-slotsager,D,Hellas Verona,1.0,1.0,1.0,0,6.0,6.0,0.0095467994335218,0.025725765593513,0.0,1.75
sebastian-otoa,D,Genoa,3.0,3.0,2.0,0,6.0,6.0,0.0644305054993327,0.0273732186632734,0.0,1.21
marc-oliver-kempf,D,Como,19.0,19.0,19.0,1,5.734446194415321,5.708407280959188,0.3318021678759176,0.1395969359550279,0.0,4.45
filippo-romagna,D,Sassuolo,10.0,10.0,7.0,0,5.38845049779354,5.383548488397087,0.0141042932340704,0.0228953342379031,0.0,2.8299999999999996
rui-modesto,D,Udinese,11.0,11.0,4.0,0,5.950743911294566,5.904962358767839,0.2265327071317988,0.3844150019044724,0.0,2.02
luca-marianucci,D,Napoli,5.0,5.0,4.0,0,5.863999545264811,5.852986055567415,0.0996188555232412,0.0116440294521158,0.0,2.8299999999999996
adam-obert,D,Cagliari,19.0,19.0,13.0,0,5.874818729692687,5.826979366730107,0.0603844322527907,0.841129665978089,0.0,3.0999999999999996
alessandro-marcandalli,D,Genoa,9.0,9.0,7.0,0,5.801602757629519,5.781763408766801,0.3037675725261918,0.040386060148997,0.0,0.9400000000000001
matteo-palma,D,Udinese,0.0,0.0,0.0,0,6.0,6.0,0.0,0.0,0.0,1.21
fellipe-jack,D,Como,3.0,3.0,2.0,0,6.0,6.0,0.0176695606195927,0.0225651857327826,0.0,1.48
martin-frese,D,Hellas Verona,11.0,11.0,6.0,0,5.925791561197119,5.826084138643368,0.687975747928151,0.7274820066891874,0.0,2.8299999999999996
yeferson-paz,D,Sassuolo,9.0,9.0,5.0,0,5.953636463045437,5.943499985381491,0.0191784490501961,0.0454469243146149,0.0,1.75
romano-floriani-mussolini,D,Cremonese,11.0,11.0,8.0,0,5.819375106978572,5.779052408089271,0.2242881808467328,0.1615319484862962,0.0,3.37
alessandro-di-pardo,D,Cagliari,14.0,14.0,9.0,0,5.769427009702526,5.71402765981837,0.1143137805617676,0.691698056328284,0.0,1.48
ali-dembele,D,Torino,8.0,8.0,2.0,0,6.128535982392661,5.923510904176101,2.2164373036920337,0.1981748332943984,0.0,1.0
francesco-rossi,P,Atalanta,0.0,0.0,0.0,0,6.0,6.0,0.0,0.0,0.0,0.685
boris-radunovic,P,Cagliari,2.0,2.0,2.0,1,4.856232359971975,6.099777808242137,0.0,0.0,0.7000000000000006,0.685
raffaele-di-gennaro,P,Inter,1.0,1.0,1.0,0,6.058436492701471,6.0618261130408015,0.0001826274931957,0.0002802499233419,0.0,0.685
federico-ravaglia,P,Bologna,3.0,3.0,3.0,0,6.0,6.0,1.204699677459627e-05,0.0004732567891937,1.0019146398148362,2.9649999999999994
mauro-vigorito,P,Como,7.0,7.0,7.0,0,5.261364246320654,6.163301072155449,0.0001436029850258,0.0008885368283464,1.820241823617384,0.685
christian-fruchtl,P,Lecce,4.0,4.0,3.0,0,4.938564635621819,6.211882540463347,6.023498411467232e-05,0.000273453627694,0.2160890873191693,0.685
giacomo-satalino,P,Sassuolo,2.0,2.0,2.0,0,5.88,5.88,4.818798702720748e-06,6.773144481587999e-05,0.5482873707335394,0.685
marco-sportiello,P,Atalanta,1.0,1.0,1.0,0,5.008785484180644,6.1247455845450265,4.06697164726891e-05,0.0003353325334266,0.1414344318287777,0.685
daniele-sommariva,P,Genoa,0.0,0.0,0.0,0,6.0,6.0,0.0,0.0,0.0,0.685
alberto-paleari,P,Torino,1.0,1.0,1.0,1,5.178358117673862,6.352883591382945,0.0001084229710859,0.0004851657155503,0.5040894086516763,0.685
tommaso-martinelli,P,Fiorentina,0.0,0.0,0.0,0,6.0,6.0,0.0,0.0,0.0,0.685
simone-perilli,P,Hellas Verona,0.0,0.0,0.0,0,6.0,6.0,0.0,0.0,0.0,0.685
giuseppe-ciocci,P,Cagliari,0.0,0.0,0.0,0,6.0,6.0,0.0,0.0,0.0,0.685
daniele-padelli,P,Udinese,1.0,1.0,1.0,0,4.978394773226847,6.232944891677152,7.228198056919722e-05,0.0005144447103161,0.2057855122674825,0.685
pietro-terracciano,P,Milan,1.0,1.0,1.0,1,5.177352646594883,6.14986915379034,3.77905308106528e-05,0.0011497627654828,0.2566824064758272,0.685
pierluigi-gollini,P,Roma,1.0,1.0,1.0,0,5.046623538180083,6.067322676259609,6.529274054160425e-05,0.000828693106473,0.252727493452395,0.685
carlo-pinsoglio,P,Juventus,1.0,1.0,0.0,0,5.813185171921834,6.155794946989732,2.409399351969005e-05,0.0012361275274389,0.2244952360772951,0.685
louis-buffon,A,Pisa,4.0,4.0,1.0,0,5.898628856780069,5.7635967091677855,0.416860169312547,0.3323783433563317,0.0,0.685
malthe-hojholt,C,Pisa,22.0,22.0,16.0,0,6.014399024504008,5.965592522115608,0.4374231302939642,0.8308151399155088,0.0,0.784
jakub-piotrowski,C,Udinese,25.0,25.0,23.0,0,6.074577064800425,5.976209114390279,1.1580790419235036,0.8202465572984122,0.0,2.7039999999999997
luca-lipani,C,Sassuolo,4.0,4.0,2.0,0,6.188115308638144,6.00902723782139,0.5733245528846708,0.4239455690687492,0.0,1.7440000000000002
antoine-bernede,C,Hellas Verona,15.0,15.0,11.0,0,5.981341780448154,5.881779967766912,0.9442904794500112,0.9646547846840028,0.0,2.32
michel-ndary-adopo,C,Cagliari,27.0,27.0,24.0,0,6.101217531686715,5.8730351864102905,2.279229841420947,2.335945783583272,0.0,3.088
lorenzo-venturino,C,Genoa,6.0,6.0,1.0,0,6.610582894249366,6.368763200326277,0.985438559607148,0.900385547196232,0.0,2.32
cheikh-tidiane-niasse,C,Hellas Verona,16.0,16.0,11.0,0,5.775966749993412,5.748666069531716,0.2931687001246742,0.2911361123187148,0.0,2.32
davide-veroli,D,Cagliari,1.0,1.0,1.0,0,5.913818434151238,5.81494088632779,0.7170236651760659,1.2685140722158037,0.0,0.67
guray-vural,C,Pisa,7.0,7.0,5.0,0,6.170674651875028,5.935665613520579,1.687324290528924,0.6243969531247304,0.0,0.5920000000000001
filippo-missori,D,Sassuolo,4.0,4.0,1.0,0,5.785687588627005,5.761994155273163,0.1656992634226981,0.0214776490135306,0.0,1.75
mateus-lusuardi,D,Pisa,3.0,3.0,2.0,0,6.0,6.0,0.142117975543721,0.0129611452661632,0.0,2.29
daniel-denoon,D,Pisa,4.0,4.0,3.0,0,5.916607148412682,5.885209953854142,0.222308769801243,0.026262008546259,0.0,1.48
giuseppe-pezzella,D,Cremonese,5.0,5.0,4.0,0,5.919881735851891,5.891779877784435,0.1690805190704288,0.0635835890723581,0.0,3.91
mihajlo-ilic,D,Bologna,5.0,5.0,4.0,0,6.040180474041201,6.004813419923602,0.1906458608044853,0.0888747581053706,0.0,0.9400000000000001
christ-owen-kouassi,D,Lecce,15.0,15.0,12.0,0,5.809132996569289,5.780929377692224,0.3445898598271554,0.254604371886905,0.0,3.0999999999999996
davide-bartesaghi,D,Milan,10.0,10.0,7.0,0,6.0,6.0,0.0810021594680561,0.0314231003707177,0.0,1.75
torbjorn-heggem,D,Bologna,8.0,8.0,7.0,0,5.959987161426852,5.907625250039313,0.4324939787184275,0.2094989364966622,0.0,3.37
zachary-athekame,D,Milan,8.0,8.0,4.0,0,5.962631461176794,5.919387637739857,0.0083679221526347,0.3261126525461033,0.0,4.18
mathias-lovik,D,Parma,2.0,2.0,1.0,0,6.0,6.0,0.0876899515767974,0.0188265782247062,0.0,1.48
edoardo-corvi,P,Parma,2.0,2.0,2.0,0,6.0,6.0,7.273927231501173e-06,0.0002545432027241,0.4236178618202832,0.685
lapo-nava,P,Cremonese,1.0,1.0,1.0,0,6.0,6.0,2.286859184005628e-06,8.47919403519367e-05,0.2596237741593077,0.685
nikita-contini-baranovsky,P,Napoli,6.0,6.0,6.0,0,5.011498848185381,6.139638456936521,2.1821781686227445e-05,0.000118199694101,1.145337187014651,0.685
